"title","start_time","end_time","description","exercise_title","superset_id","exercise_notes","set_index","set_type","weight_lbs","reps","distance_km","duration_seconds","rpe"
"Aug 26 upper 💪","31 Aug 2026, 06:55","31 Aug 2026, 07:52","","Chest Dip (Assisted)",,"",0,"normal",150,10,,,
"Aug 26 upper 💪","31 Aug 2026, 06:55","31 Aug 2026, 07:52","","Chest Dip (Assisted)",,"",1,"normal",140,10,,,
"Aug 26 upper 💪","31 Aug 2026, 06:55","31 Aug 2026, 07:52","","Chest Dip (Assisted)",,"",2,"normal",120,10,,,
"Aug 26 upper 💪","31 Aug 2026, 06:55","31 Aug 2026, 07:52","","Chest Dip (Assisted)",,"",3,"normal",100,10,,,
"Aug 26 upper 💪","31 Aug 2026, 06:55","31 Aug 2026, 07:52","","Chest Dip (Assisted)",,"",4,"normal",100,10,,,
"Aug 26 upper 💪","31 Aug 2026, 06:55","31 Aug 2026, 07:52","","Chest Dip (Assisted)",,"",5,"normal",80,10,,,
"Aug 26 upper 💪","31 Aug 2026, 06:55","31 Aug 2026, 07:52","","Chest Dip (Assisted)",,"",6,"normal",70,8,,,
"Aug 26 upper 💪","31 Aug 2026, 06:55","31 Aug 2026, 07:52","","Chest Dip (Assisted)",,"",7,"normal",70,8,,,
"Aug 26 upper 💪","31 Aug 2026, 06:55","31 Aug 2026, 07:52","","Bench Press (Barbell)",,"Laat two sets with yellow band",0,"normal",45,10,,,
"Aug 26 upper 💪","31 Aug 2026, 06:55","31 Aug 2026, 07:52","","Bench Press (Barbell)",,"Laat two sets with yellow band",1,"normal",95,10,,,
"Aug 26 upper 💪","31 Aug 2026, 06:55","31 Aug 2026, 07:52","","Bench Press (Barbell)",,"Laat two sets with yellow band",2,"normal",135,10,,,
"Aug 26 upper 💪","31 Aug 2026, 06:55","31 Aug 2026, 07:52","","Bench Press (Barbell)",,"Laat two sets with yellow band",3,"normal",135,10,,,
"Aug 26 upper 💪","31 Aug 2026, 06:55","31 Aug 2026, 07:52","","Bench Press (Barbell)",,"Laat two sets with yellow band",4,"normal",155,4,,,
"Aug 26 upper 💪","31 Aug 2026, 06:55","31 Aug 2026, 07:52","","Sword Raise",,"",0,"normal",20,10,,,
"Aug 26 upper 💪","31 Aug 2026, 06:55","31 Aug 2026, 07:52","","Sword Raise",,"",1,"normal",20,10,,,
"Aug 26 upper 💪","31 Aug 2026, 06:55","31 Aug 2026, 07:52","","Sword Raise",,"",2,"normal",20,10,,,
"Vertical pull","29 Aug 2026, 13:04","29 Aug 2026, 15:13","","Lat Pulldown (Machine)",,"One arm at a time",0,"normal",50,107,,,
"Vertical pull","29 Aug 2026, 13:04","29 Aug 2026, 15:13","","Lat Pulldown (Machine)",,"One arm at a time",1,"normal",100,10,,,
"Vertical pull","29 Aug 2026, 13:04","29 Aug 2026, 15:13","","Lat Pulldown (Machine)",,"One arm at a time",2,"normal",100,10,,,
"Vertical pull","29 Aug 2026, 13:04","29 Aug 2026, 15:13","","Lat Pulldown (Machine)",,"One arm at a time",3,"normal",100,10,,,
"Vertical pull","29 Aug 2026, 13:04","29 Aug 2026, 15:13","","Lat Pulldown (Machine)",,"One arm at a time",4,"normal",180,10,,,
"Vertical pull","29 Aug 2026, 13:04","29 Aug 2026, 15:13","","Sword Raise",,"",0,"normal",10,10,,,
"Friday glute whimsy","28 Aug 2026, 16:48","28 Aug 2026, 17:14","","Dumbbell Step Up",,"5 risers srill.",0,"normal",,6,,,
"Friday glute whimsy","28 Aug 2026, 16:48","28 Aug 2026, 17:14","","Dumbbell Step Up",,"5 risers srill.",1,"normal",,6,,,
"Friday glute whimsy","28 Aug 2026, 16:48","28 Aug 2026, 17:14","","Dumbbell Step Up",,"5 risers srill.",2,"normal",,6,,,
"Friday glute whimsy","28 Aug 2026, 16:48","28 Aug 2026, 17:14","","Dumbbell Step Up",,"5 risers srill.",3,"normal",,6,,,
"Friday glute whimsy","28 Aug 2026, 16:48","28 Aug 2026, 17:14","","Dumbbell Step Up",,"5 risers srill.",4,"normal",20,6,,,
"Friday glute whimsy","28 Aug 2026, 16:48","28 Aug 2026, 17:14","","Dumbbell Step Up",,"5 risers srill.",5,"normal",20,6,,,
"Friday glute whimsy","28 Aug 2026, 16:48","28 Aug 2026, 17:14","","Bent Knee Single Calf Raise",,"Peronials are humming",0,"normal",50,10,,,
"Friday glute whimsy","28 Aug 2026, 16:48","28 Aug 2026, 17:14","","Bent Knee Single Calf Raise",,"Peronials are humming",1,"normal",50,10,,,
"Friday glute whimsy","28 Aug 2026, 16:48","28 Aug 2026, 17:14","","Bent Knee Single Calf Raise",,"Peronials are humming",2,"normal",50,10,,,
"Friday glute whimsy","28 Aug 2026, 16:48","28 Aug 2026, 17:14","","Bent Knee Single Calf Raise",,"Peronials are humming",3,"normal",50,10,,,
"Friday glute whimsy","28 Aug 2026, 16:48","28 Aug 2026, 17:14","","B Stance Romanian",,"Super hard.  Contralateral load",0,"normal",30,6,,,
"Friday glute whimsy","28 Aug 2026, 16:48","28 Aug 2026, 17:14","","B Stance Romanian",,"Super hard.  Contralateral load",1,"normal",30,6,,,
"Friday glute whimsy","28 Aug 2026, 16:48","28 Aug 2026, 17:14","","B Stance Romanian",,"Super hard.  Contralateral load",2,"normal",30,6,,,
"Aug 26 upper 💪","26 Aug 2026, 15:56","26 Aug 2026, 17:00","","Chest Dip (Assisted)",,"",0,"normal",150,10,,,
"Aug 26 upper 💪","26 Aug 2026, 15:56","26 Aug 2026, 17:00","","Chest Dip (Assisted)",,"",1,"normal",140,8,,,
"Aug 26 upper 💪","26 Aug 2026, 15:56","26 Aug 2026, 17:00","","Chest Dip (Assisted)",,"",2,"normal",140,10,,,
"Aug 26 upper 💪","26 Aug 2026, 15:56","26 Aug 2026, 17:00","","Chest Dip (Assisted)",,"",3,"normal",130,8,,,
"Aug 26 upper 💪","26 Aug 2026, 15:56","26 Aug 2026, 17:00","","Chest Dip (Assisted)",,"",4,"normal",120,8,,,
"Aug 26 upper 💪","26 Aug 2026, 15:56","26 Aug 2026, 17:00","","Chest Dip (Assisted)",,"",5,"normal",110,10,,,
"Aug 26 upper 💪","26 Aug 2026, 15:56","26 Aug 2026, 17:00","","Chest Dip (Assisted)",,"",6,"normal",100,10,,,
"Aug 26 upper 💪","26 Aug 2026, 15:56","26 Aug 2026, 17:00","","Chest Dip (Assisted)",,"",7,"normal",90,10,,,
"Aug 26 upper 💪","26 Aug 2026, 15:56","26 Aug 2026, 17:00","","Bench Press (Barbell)",,"",0,"normal",95,12,,,
"Aug 26 upper 💪","26 Aug 2026, 15:56","26 Aug 2026, 17:00","","Bench Press (Barbell)",,"",1,"normal",135,8,,,
"Aug 26 upper 💪","26 Aug 2026, 15:56","26 Aug 2026, 17:00","","Chest Fly (Machine)",,"",0,"normal",40,50,,,
"Monday legs","24 Aug 2026, 15:23","24 Aug 2026, 17:00","","Dumbbell Step Up",,"",0,"normal",,6,,,
"Monday legs","24 Aug 2026, 15:23","24 Aug 2026, 17:00","","Dumbbell Step Up",,"",1,"normal",,6,,,
"Monday legs","24 Aug 2026, 15:23","24 Aug 2026, 17:00","","Dumbbell Step Up",,"",2,"normal",,6,,,
"Monday legs","24 Aug 2026, 15:23","24 Aug 2026, 17:00","","Dumbbell Step Up",,"",3,"normal",,6,,,
"Monday legs","24 Aug 2026, 15:23","24 Aug 2026, 17:00","","Dumbbell Step Up",,"",4,"normal",10,5,,,
"Monday legs","24 Aug 2026, 15:23","24 Aug 2026, 17:00","","Dumbbell Step Up",,"",5,"normal",10,5,,,
"Monday legs","24 Aug 2026, 15:23","24 Aug 2026, 17:00","","Dumbbell Step Up",,"",6,"normal",20,5,,,
"Monday legs","24 Aug 2026, 15:23","24 Aug 2026, 17:00","","Dumbbell Step Up",,"",7,"normal",20,6,,,
"Monday legs","24 Aug 2026, 15:23","24 Aug 2026, 17:00","","Dumbbell Step Up",,"",8,"normal",40,6,,,
"Monday legs","24 Aug 2026, 15:23","24 Aug 2026, 17:00","","Dumbbell Step Up",,"",9,"normal",40,6,,,
"Monday legs","24 Aug 2026, 15:23","24 Aug 2026, 17:00","","Lunge",,"",0,"normal",,2,,,
"Monday legs","24 Aug 2026, 15:23","24 Aug 2026, 17:00","","Lunge",,"",1,"normal",,1,,,
"Monday legs","24 Aug 2026, 15:23","24 Aug 2026, 17:00","","Deadlift (Barbell)",,"Ligjt form work",0,"normal",135,5,,,
"Monday legs","24 Aug 2026, 15:23","24 Aug 2026, 17:00","","Deadlift (Barbell)",,"Ligjt form work",1,"normal",225,5,,,
"Monday legs","24 Aug 2026, 15:23","24 Aug 2026, 17:00","","Deadlift (Barbell)",,"Ligjt form work",2,"normal",315,3,,,
"Monday legs","24 Aug 2026, 15:23","24 Aug 2026, 17:00","","Deadlift (Barbell)",,"Ligjt form work",3,"normal",315,3,,,
"Monday legs","24 Aug 2026, 15:23","24 Aug 2026, 17:00","","Deadlift (Barbell)",,"Ligjt form work",4,"normal",315,3,,,
"Monday legs","24 Aug 2026, 15:23","24 Aug 2026, 17:00","","Deadlift (Barbell)",,"Ligjt form work",5,"normal",315,3,,,
"Monday legs","24 Aug 2026, 15:23","24 Aug 2026, 17:00","","Power Clean",,"Lots. Idk",0,"normal",45,10,,,
"Monday legs","24 Aug 2026, 15:23","24 Aug 2026, 17:00","","Lying Leg Curl (Machine)",,"Songle leg",0,"normal",50,10,,,
"Monday legs","24 Aug 2026, 15:23","24 Aug 2026, 17:00","","Lying Leg Curl (Machine)",,"Songle leg",1,"normal",30,6,,,
"Monday legs","24 Aug 2026, 15:23","24 Aug 2026, 17:00","","Lying Leg Curl (Machine)",,"Songle leg",2,"normal",30,6,,,
"Monday legs","24 Aug 2026, 15:23","24 Aug 2026, 17:00","","Lying Leg Curl (Machine)",,"Songle leg",3,"normal",40,5,,,
"Monday legs","24 Aug 2026, 15:23","24 Aug 2026, 17:00","","Lying Leg Curl (Machine)",,"Songle leg",4,"normal",40,5,,,
"Monday legs","24 Aug 2026, 15:23","24 Aug 2026, 17:00","","Leg Extension (Machine)",,"One leg first then finiah wirb two",0,"normal",20,5,,,
"Monday legs","24 Aug 2026, 15:23","24 Aug 2026, 17:00","","Leg Extension (Machine)",,"One leg first then finiah wirb two",1,"normal",20,5,,,
"Monday legs","24 Aug 2026, 15:23","24 Aug 2026, 17:00","","Leg Extension (Machine)",,"One leg first then finiah wirb two",2,"normal",20,5,,,
"Monday legs","24 Aug 2026, 15:23","24 Aug 2026, 17:00","","Leg Extension (Machine)",,"One leg first then finiah wirb two",3,"normal",20,5,,,
"Monday legs","24 Aug 2026, 15:23","24 Aug 2026, 17:00","","Leg Extension (Machine)",,"One leg first then finiah wirb two",4,"normal",80,32,,,
"Monday legs","24 Aug 2026, 15:23","24 Aug 2026, 17:00","","Seated Calf Raise",,"",0,"normal",100,15,,,
"Monday legs","24 Aug 2026, 15:23","24 Aug 2026, 17:00","","Seated Calf Raise",,"",1,"normal",200,15,,,
"Monday legs","24 Aug 2026, 15:23","24 Aug 2026, 17:00","","Seated Calf Raise",,"",2,"normal",200,15,,,
"Afternoon workout 💪","15 Aug 2026, 12:08","15 Aug 2026, 13:52","","Chest Press (Machine)",,"",0,"normal",40,10,,,
"Afternoon workout 💪","15 Aug 2026, 12:08","15 Aug 2026, 13:52","","Chest Press (Machine)",,"",1,"normal",40,10,,,
"Afternoon workout 💪","15 Aug 2026, 12:08","15 Aug 2026, 13:52","","Chest Press (Machine)",,"",2,"normal",60,10,,,
"Afternoon workout 💪","15 Aug 2026, 12:08","15 Aug 2026, 13:52","","Chest Press (Machine)",,"",3,"normal",60,10,,,
"Afternoon workout 💪","15 Aug 2026, 12:08","15 Aug 2026, 13:52","","Chest Press (Machine)",,"",4,"normal",80,10,,,
"Afternoon workout 💪","15 Aug 2026, 12:08","15 Aug 2026, 13:52","","Chest Press (Machine)",,"",5,"normal",100,10,,,
"Afternoon workout 💪","15 Aug 2026, 12:08","15 Aug 2026, 13:52","","Chest Press (Machine)",,"",6,"normal",100,10,,,
"Afternoon workout 💪","15 Aug 2026, 12:08","15 Aug 2026, 13:52","","Chest Press (Machine)",,"",7,"normal",85,10,,,
"Afternoon workout 💪","15 Aug 2026, 12:08","15 Aug 2026, 13:52","","Chest Press (Machine)",,"",8,"normal",85,10,,,
"Afternoon workout 💪","15 Aug 2026, 12:08","15 Aug 2026, 13:52","","Chest Press (Machine)",,"",9,"normal",85,10,,,
"Afternoon workout 💪","15 Aug 2026, 12:08","15 Aug 2026, 13:52","","Chest Fly (Machine)",,"",0,"normal",40,10,,,
"Afternoon workout 💪","15 Aug 2026, 12:08","15 Aug 2026, 13:52","","Chest Fly (Machine)",,"",1,"normal",45,10,,,
"Afternoon workout 💪","15 Aug 2026, 12:08","15 Aug 2026, 13:52","","Chest Fly (Machine)",,"",2,"normal",65,10,,,
"Afternoon workout 💪","15 Aug 2026, 12:08","15 Aug 2026, 13:52","","Chest Fly (Machine)",,"",3,"normal",65,10,,,
"Afternoon workout 💪","15 Aug 2026, 12:08","15 Aug 2026, 13:52","","Chest Fly (Machine)",,"",4,"normal",65,10,,,
"Afternoon workout 💪","15 Aug 2026, 12:08","15 Aug 2026, 13:52","","Chest Fly (Machine)",,"",5,"normal",65,10,,,
"Afternoon workout 💪","15 Aug 2026, 12:08","15 Aug 2026, 13:52","","Chest Fly (Machine)",,"",6,"normal",65,10,,,
"Afternoon workout 💪","15 Aug 2026, 12:08","15 Aug 2026, 13:52","","Chest Supported Row",,"",0,"normal",45,10,,,
"Afternoon workout 💪","15 Aug 2026, 12:08","15 Aug 2026, 13:52","","Chest Supported Row",,"",1,"normal",45,10,,,
"Afternoon workout 💪","15 Aug 2026, 12:08","15 Aug 2026, 13:52","","Chest Supported Row",,"",2,"normal",48,10,,,
"Afternoon workout 💪","15 Aug 2026, 12:08","15 Aug 2026, 13:52","","Chest Supported Row",,"",3,"normal",45,10,,,
"Afternoon workout 💪","15 Aug 2026, 12:08","15 Aug 2026, 13:52","","Chest Supported Row",,"",4,"normal",45,10,,,
"Afternoon workout 💪","15 Aug 2026, 12:08","15 Aug 2026, 13:52","","lying lateral raise",,"",0,"normal",10,10,,,
"Afternoon workout 💪","15 Aug 2026, 12:08","15 Aug 2026, 13:52","","lying lateral raise",,"",1,"normal",10,10,,,
"Afternoon workout 💪","15 Aug 2026, 12:08","15 Aug 2026, 13:52","","lying lateral raise",,"",2,"normal",10,10,,,
"Afternoon workout 💪","15 Aug 2026, 12:08","15 Aug 2026, 13:52","","Behind the Back Curl (Cable)",,"",0,"normal",30,10,,,
"Afternoon workout 💪","15 Aug 2026, 12:08","15 Aug 2026, 13:52","","Behind the Back Curl (Cable)",,"",1,"normal",30,10,,,
"Afternoon workout 💪","15 Aug 2026, 12:08","15 Aug 2026, 13:52","","Behind the Back Curl (Cable)",,"",2,"normal",30,16,,,
"Afternoon workout 💪","15 Aug 2026, 12:08","15 Aug 2026, 13:52","","Behind the Back Curl (Cable)",,"",3,"normal",30,12,,,
"Legs jam focus gl","13 Aug 2026, 16:26","13 Aug 2026, 18:20","","Lying Leg Curl (Machine)",,"",0,"normal",30,10,,,
"Legs jam focus gl","13 Aug 2026, 16:26","13 Aug 2026, 18:20","","Lying Leg Curl (Machine)",,"",1,"normal",65,10,,,
"Legs jam focus gl","13 Aug 2026, 16:26","13 Aug 2026, 18:20","","Lying Leg Curl (Machine)",,"",2,"normal",100,6,,,
"Legs jam focus gl","13 Aug 2026, 16:26","13 Aug 2026, 18:20","","Lying Leg Curl (Machine)",,"",3,"normal",75,6,,,
"Legs jam focus gl","13 Aug 2026, 16:26","13 Aug 2026, 18:20","","Lying Leg Curl (Machine)",,"",4,"normal",65,10,,,
"Legs jam focus gl","13 Aug 2026, 16:26","13 Aug 2026, 18:20","","Glute Kickback (Machine)",,"",0,"normal",40,10,,,
"Legs jam focus gl","13 Aug 2026, 16:26","13 Aug 2026, 18:20","","Glute Kickback (Machine)",,"",1,"normal",40,10,,,
"Legs jam focus gl","13 Aug 2026, 16:26","13 Aug 2026, 18:20","","Glute Kickback (Machine)",,"",2,"normal",40,10,,,
"Legs jam focus gl","13 Aug 2026, 16:26","13 Aug 2026, 18:20","","Glute Kickback (Machine)",,"",3,"normal",40,10,,,
"Legs jam focus gl","13 Aug 2026, 16:26","13 Aug 2026, 18:20","","Glute Kickback (Machine)",,"",4,"normal",40,10,,,
"Legs jam focus gl","13 Aug 2026, 16:26","13 Aug 2026, 18:20","","Glute Kickback (Machine)",,"",5,"normal",40,10,,,
"Legs jam focus gl","13 Aug 2026, 16:26","13 Aug 2026, 18:20","","Good Morning (ssb)",,"Pretty much forgot how to do thsss lol. Used to do 495 for reps. Not today 👧",0,"normal",45,10,,,
"Legs jam focus gl","13 Aug 2026, 16:26","13 Aug 2026, 18:20","","Good Morning (ssb)",,"Pretty much forgot how to do thsss lol. Used to do 495 for reps. Not today 👧",1,"normal",135,6,,,
"Legs jam focus gl","13 Aug 2026, 16:26","13 Aug 2026, 18:20","","Good Morning (ssb)",,"Pretty much forgot how to do thsss lol. Used to do 495 for reps. Not today 👧",2,"normal",135,6,,,
"Legs jam focus gl","13 Aug 2026, 16:26","13 Aug 2026, 18:20","","Good Morning (ssb)",,"Pretty much forgot how to do thsss lol. Used to do 495 for reps. Not today 👧",3,"normal",135,6,,,
"Legs jam focus gl","13 Aug 2026, 16:26","13 Aug 2026, 18:20","","Leg Press (Machine)",,"",0,"normal",,10,,,
"Legs jam focus gl","13 Aug 2026, 16:26","13 Aug 2026, 18:20","","Leg Press (Machine)",,"",1,"normal",90,10,,,
"Legs jam focus gl","13 Aug 2026, 16:26","13 Aug 2026, 18:20","","Leg Press (Machine)",,"",2,"normal",180,10,,,
"Legs jam focus gl","13 Aug 2026, 16:26","13 Aug 2026, 18:20","","Leg Press (Machine)",,"",3,"normal",270,10,,,
"Legs jam focus gl","13 Aug 2026, 16:26","13 Aug 2026, 18:20","","Leg Press (Machine)",,"",4,"normal",360,10,,,
"Legs jam focus gl","13 Aug 2026, 16:26","13 Aug 2026, 18:20","","Leg Press (Machine)",,"",5,"normal",360,10,,,
"Legs jam focus gl","13 Aug 2026, 16:26","13 Aug 2026, 18:20","","Hack Squat (Machine)",,"",0,"warmup",,10,,,
"Legs jam focus gl","13 Aug 2026, 16:26","13 Aug 2026, 18:20","","Hack Squat (Machine)",,"",1,"warmup",50,10,,,
"Afternoon workout 💪","11 Aug 2026, 15:36","11 Aug 2026, 17:19","","Chest Press (Machine)",,"Harder than last time. Hmmm.",0,"normal",40,10,,,
"Afternoon workout 💪","11 Aug 2026, 15:36","11 Aug 2026, 17:19","","Chest Press (Machine)",,"Harder than last time. Hmmm.",1,"normal",40,10,,,
"Afternoon workout 💪","11 Aug 2026, 15:36","11 Aug 2026, 17:19","","Chest Press (Machine)",,"Harder than last time. Hmmm.",2,"normal",60,10,,,
"Afternoon workout 💪","11 Aug 2026, 15:36","11 Aug 2026, 17:19","","Chest Press (Machine)",,"Harder than last time. Hmmm.",3,"normal",60,10,,,
"Afternoon workout 💪","11 Aug 2026, 15:36","11 Aug 2026, 17:19","","Chest Press (Machine)",,"Harder than last time. Hmmm.",4,"normal",80,10,,,
"Afternoon workout 💪","11 Aug 2026, 15:36","11 Aug 2026, 17:19","","Chest Press (Machine)",,"Harder than last time. Hmmm.",5,"normal",100,10,,,
"Afternoon workout 💪","11 Aug 2026, 15:36","11 Aug 2026, 17:19","","Chest Press (Machine)",,"Harder than last time. Hmmm.",6,"normal",100,10,,,
"Afternoon workout 💪","11 Aug 2026, 15:36","11 Aug 2026, 17:19","","Chest Press (Machine)",,"Harder than last time. Hmmm.",7,"normal",80,10,,,
"Afternoon workout 💪","11 Aug 2026, 15:36","11 Aug 2026, 17:19","","Chest Press (Machine)",,"Harder than last time. Hmmm.",8,"normal",80,10,,,
"Afternoon workout 💪","11 Aug 2026, 15:36","11 Aug 2026, 17:19","","Chest Press (Machine)",,"Harder than last time. Hmmm.",9,"normal",80,10,,,
"Afternoon workout 💪","11 Aug 2026, 15:36","11 Aug 2026, 17:19","","Chest Fly (Machine)",,"",0,"normal",30,10,,,
"Afternoon workout 💪","11 Aug 2026, 15:36","11 Aug 2026, 17:19","","Chest Fly (Machine)",,"",1,"normal",50,10,,,
"Afternoon workout 💪","11 Aug 2026, 15:36","11 Aug 2026, 17:19","","Chest Fly (Machine)",,"",2,"normal",60,10,,,
"Afternoon workout 💪","11 Aug 2026, 15:36","11 Aug 2026, 17:19","","Chest Fly (Machine)",,"",3,"normal",60,10,,,
"Afternoon workout 💪","11 Aug 2026, 15:36","11 Aug 2026, 17:19","","Chest Fly (Machine)",,"",4,"normal",60,10,,,
"Afternoon workout 💪","11 Aug 2026, 15:36","11 Aug 2026, 17:19","","Chest Fly (Machine)",,"",5,"normal",60,10,,,
"Afternoon workout 💪","11 Aug 2026, 15:36","11 Aug 2026, 17:19","","Chest Fly (Machine)",,"",6,"normal",80,10,,,
"Afternoon workout 💪","11 Aug 2026, 15:36","11 Aug 2026, 17:19","","Chest Fly (Machine)",,"",7,"normal",60,10,,,
"Afternoon workout 💪","11 Aug 2026, 15:36","11 Aug 2026, 17:19","","Chest Supported Row",,"",0,"normal",25,10,,,
"Afternoon workout 💪","11 Aug 2026, 15:36","11 Aug 2026, 17:19","","Chest Supported Row",,"",1,"normal",45,10,,,
"Afternoon workout 💪","11 Aug 2026, 15:36","11 Aug 2026, 17:19","","Chest Supported Row",,"",2,"normal",70,6,,,
"Afternoon workout 💪","11 Aug 2026, 15:36","11 Aug 2026, 17:19","","Chest Supported Row",,"",3,"normal",45,10,,,
"Afternoon workout 💪","11 Aug 2026, 15:36","11 Aug 2026, 17:19","","Chest Supported Row",,"",4,"normal",45,10,,,
"Afternoon workout 💪","11 Aug 2026, 15:36","11 Aug 2026, 17:19","","lying lateral raise",,"Right shoulder died. Send flowers",0,"normal",10,10,,,
"Afternoon workout 💪","11 Aug 2026, 15:36","11 Aug 2026, 17:19","","lying lateral raise",,"Right shoulder died. Send flowers",1,"normal",10,10,,,
"Afternoon workout 💪","11 Aug 2026, 15:36","11 Aug 2026, 17:19","","lying lateral raise",,"Right shoulder died. Send flowers",2,"normal",10,10,,,
"Afternoon workout 💪","11 Aug 2026, 15:36","11 Aug 2026, 17:19","","lying lateral raise",,"Right shoulder died. Send flowers",3,"normal",10,2,,,
"Afternoon workout 💪","11 Aug 2026, 15:36","11 Aug 2026, 17:19","","Seated Incline Curl (Dumbbell)",,"",0,"normal",22.5,10,,,
"Afternoon workout 💪","11 Aug 2026, 15:36","11 Aug 2026, 17:19","","Seated Incline Curl (Dumbbell)",,"",1,"normal",25,10,,,
"Afternoon workout 💪","11 Aug 2026, 15:36","11 Aug 2026, 17:19","","Seated Incline Curl (Dumbbell)",,"",2,"normal",27.5,10,,,
"Afternoon workout 💪","11 Aug 2026, 15:36","11 Aug 2026, 17:19","","Triceps Pushdown",,"",0,"normal",70,15,,,
"Afternoon workout 💪","11 Aug 2026, 15:36","11 Aug 2026, 17:19","","Triceps Pushdown",,"",1,"normal",70,25,,,
"Afternoon workout 💪","11 Aug 2026, 15:36","11 Aug 2026, 17:19","","Triceps Pushdown",,"",2,"normal",100,10,,,
"Legs","9 Aug 2026, 15:01","9 Aug 2026, 16:20","","Dumbbell Step Up",,"3.5.5.6       5 risers todah.",0,"normal",,6,,,
"Legs","9 Aug 2026, 15:01","9 Aug 2026, 16:20","","Dumbbell Step Up",,"3.5.5.6       5 risers todah.",1,"normal",,6,,,
"Legs","9 Aug 2026, 15:01","9 Aug 2026, 16:20","","Dumbbell Step Up",,"3.5.5.6       5 risers todah.",2,"normal",10,6,,,
"Legs","9 Aug 2026, 15:01","9 Aug 2026, 16:20","","Dumbbell Step Up",,"3.5.5.6       5 risers todah.",3,"normal",10,6,,,
"Legs","9 Aug 2026, 15:01","9 Aug 2026, 16:20","","Dumbbell Step Up",,"3.5.5.6       5 risers todah.",4,"normal",10,6,,,
"Legs","9 Aug 2026, 15:01","9 Aug 2026, 16:20","","Dumbbell Step Up",,"3.5.5.6       5 risers todah.",5,"normal",10,6,,,
"Legs","9 Aug 2026, 15:01","9 Aug 2026, 16:20","","Dumbbell Step Up",,"3.5.5.6       5 risers todah.",6,"normal",20,6,,,
"Legs","9 Aug 2026, 15:01","9 Aug 2026, 16:20","","Dumbbell Step Up",,"3.5.5.6       5 risers todah.",7,"normal",20,6,,,
"Legs","9 Aug 2026, 15:01","9 Aug 2026, 16:20","","Dumbbell Step Up",,"3.5.5.6       5 risers todah.",8,"normal",40,6,,,
"Legs","9 Aug 2026, 15:01","9 Aug 2026, 16:20","","Dumbbell Step Up",,"3.5.5.6       5 risers todah.",9,"normal",40,6,,,
"Legs","9 Aug 2026, 15:01","9 Aug 2026, 16:20","","Back Extension (Hyperextension)",,"",0,"normal",,6,,,
"Legs","9 Aug 2026, 15:01","9 Aug 2026, 16:20","","Back Extension (Hyperextension)",,"",1,"normal",,6,,,
"Legs","9 Aug 2026, 15:01","9 Aug 2026, 16:20","","Back Extension (Hyperextension)",,"",2,"normal",,6,,,
"Legs","9 Aug 2026, 15:01","9 Aug 2026, 16:20","","Back Extension (Hyperextension)",,"",3,"normal",,6,,,
"Legs","9 Aug 2026, 15:01","9 Aug 2026, 16:20","","Glute Bridge (Barbell)",,"Machine",0,"normal",90,6,,,
"Legs","9 Aug 2026, 15:01","9 Aug 2026, 16:20","","Glute Bridge (Barbell)",,"Machine",1,"normal",90,6,,,
"Legs","9 Aug 2026, 15:01","9 Aug 2026, 16:20","","Glute Bridge (Barbell)",,"Machine",2,"normal",90,6,,,
"Legs","9 Aug 2026, 15:01","9 Aug 2026, 16:20","","Glute Bridge (Barbell)",,"Machine",3,"normal",90,6,,,
"Legs","9 Aug 2026, 15:01","9 Aug 2026, 16:20","","Leg Press Donkey Calf Raise",,"",0,"normal",180,20,,,
"Legs","9 Aug 2026, 15:01","9 Aug 2026, 16:20","","Leg Press Donkey Calf Raise",,"",1,"normal",180,20,,,
"Legs","9 Aug 2026, 15:01","9 Aug 2026, 16:20","","Leg Press Donkey Calf Raise",,"",2,"normal",180,20,,,
"Legs","9 Aug 2026, 15:01","9 Aug 2026, 16:20","","Leg Press Donkey Calf Raise",,"",3,"normal",180,20,,,
"Legs","9 Aug 2026, 15:01","9 Aug 2026, 16:20","","Seated Leg Curl (Machine)",,"",0,"normal",110,8,,,
"Legs","9 Aug 2026, 15:01","9 Aug 2026, 16:20","","Seated Leg Curl (Machine)",,"",1,"normal",110,10,,,
"Legs","9 Aug 2026, 15:01","9 Aug 2026, 16:20","","Seated Leg Curl (Machine)",,"",2,"normal",110,10,,,
"Legs","9 Aug 2026, 15:01","9 Aug 2026, 16:20","","Seated Leg Curl (Machine)",,"",3,"normal",110,10,,,
"Afternoon workout 💪","8 Aug 2026, 14:12","8 Aug 2026, 16:09","","Chest Press (Machine)",,"",0,"normal",40,15,,,
"Afternoon workout 💪","8 Aug 2026, 14:12","8 Aug 2026, 16:09","","Chest Press (Machine)",,"",1,"normal",40,15,,,
"Afternoon workout 💪","8 Aug 2026, 14:12","8 Aug 2026, 16:09","","Chest Press (Machine)",,"",2,"normal",40,15,,,
"Afternoon workout 💪","8 Aug 2026, 14:12","8 Aug 2026, 16:09","","Chest Press (Machine)",,"",3,"normal",60,15,,,
"Afternoon workout 💪","8 Aug 2026, 14:12","8 Aug 2026, 16:09","","Chest Press (Machine)",,"",4,"normal",80,15,,,
"Afternoon workout 💪","8 Aug 2026, 14:12","8 Aug 2026, 16:09","","Chest Press (Machine)",,"",5,"normal",100,15,,,
"Afternoon workout 💪","8 Aug 2026, 14:12","8 Aug 2026, 16:09","","Chest Press (Machine)",,"",6,"normal",120,15,,,
"Afternoon workout 💪","8 Aug 2026, 14:12","8 Aug 2026, 16:09","","Chest Press (Machine)",,"",7,"normal",140,10,,,
"Afternoon workout 💪","8 Aug 2026, 14:12","8 Aug 2026, 16:09","","Chest Press (Machine)",,"",8,"normal",100,10,,,
"Afternoon workout 💪","8 Aug 2026, 14:12","8 Aug 2026, 16:09","","Chest Press (Machine)",,"",9,"normal",100,10,,,
"Afternoon workout 💪","8 Aug 2026, 14:12","8 Aug 2026, 16:09","","Chest Fly (Machine)",,"German volume training. Eith 3 second neg fun some done one arm at a time first.",0,"normal",70,15,,,
"Afternoon workout 💪","8 Aug 2026, 14:12","8 Aug 2026, 16:09","","Chest Fly (Machine)",,"German volume training. Eith 3 second neg fun some done one arm at a time first.",1,"normal",80,10,,,
"Afternoon workout 💪","8 Aug 2026, 14:12","8 Aug 2026, 16:09","","Chest Fly (Machine)",,"German volume training. Eith 3 second neg fun some done one arm at a time first.",2,"normal",70,10,,,
"Afternoon workout 💪","8 Aug 2026, 14:12","8 Aug 2026, 16:09","","Chest Fly (Machine)",,"German volume training. Eith 3 second neg fun some done one arm at a time first.",3,"normal",70,10,,,
"Afternoon workout 💪","8 Aug 2026, 14:12","8 Aug 2026, 16:09","","Chest Fly (Machine)",,"German volume training. Eith 3 second neg fun some done one arm at a time first.",4,"normal",70,10,,,
"Afternoon workout 💪","8 Aug 2026, 14:12","8 Aug 2026, 16:09","","Chest Fly (Machine)",,"German volume training. Eith 3 second neg fun some done one arm at a time first.",5,"normal",70,10,,,
"Afternoon workout 💪","8 Aug 2026, 14:12","8 Aug 2026, 16:09","","Chest Fly (Machine)",,"German volume training. Eith 3 second neg fun some done one arm at a time first.",6,"normal",70,15,,,
"Afternoon workout 💪","8 Aug 2026, 14:12","8 Aug 2026, 16:09","","Chest Fly (Machine)",,"German volume training. Eith 3 second neg fun some done one arm at a time first.",7,"normal",70,15,,,
"Afternoon workout 💪","8 Aug 2026, 14:12","8 Aug 2026, 16:09","","Chest Supported Row",,"Under hand grip is interesting",0,"normal",45,10,,,
"Afternoon workout 💪","8 Aug 2026, 14:12","8 Aug 2026, 16:09","","Chest Supported Row",,"Under hand grip is interesting",1,"normal",28,10,,,
"Afternoon workout 💪","8 Aug 2026, 14:12","8 Aug 2026, 16:09","","Chest Supported Row",,"Under hand grip is interesting",2,"normal",28,10,,,
"Afternoon workout 💪","8 Aug 2026, 14:12","8 Aug 2026, 16:09","","Chest Supported Row",,"Under hand grip is interesting",3,"normal",25,10,,,
"Afternoon workout 💪","8 Aug 2026, 14:12","8 Aug 2026, 16:09","","Chest Supported Row",,"Under hand grip is interesting",4,"normal",25,10,,,
"Afternoon workout 💪","8 Aug 2026, 14:12","8 Aug 2026, 16:09","","Chest Supported Row",,"Under hand grip is interesting",5,"normal",25,10,,,
"Afternoon workout 💪","8 Aug 2026, 14:12","8 Aug 2026, 16:09","","Chest Supported Row",,"Under hand grip is interesting",6,"normal",25,10,,,
"Afternoon workout 💪","8 Aug 2026, 14:12","8 Aug 2026, 16:09","","Single Arm Triceps Pushdown (Cable)",,"",0,"normal",20,12,,,
"Afternoon workout 💪","8 Aug 2026, 14:12","8 Aug 2026, 16:09","","Single Arm Triceps Pushdown (Cable)",,"",1,"normal",20,12,,,
"Afternoon workout 💪","8 Aug 2026, 14:12","8 Aug 2026, 16:09","","Single Arm Triceps Pushdown (Cable)",,"",2,"normal",20,12,,,
"Afternoon workout 💪","8 Aug 2026, 14:12","8 Aug 2026, 16:09","","Single Arm Triceps Pushdown (Cable)",,"",3,"normal",20,12,,,
"Afternoon workout 💪","8 Aug 2026, 14:12","8 Aug 2026, 16:09","","Single Arm Triceps Pushdown (Cable)",,"",4,"normal",20,12,,,
"Afternoon workout 💪","8 Aug 2026, 14:12","8 Aug 2026, 16:09","","Single Arm Triceps Pushdown (Cable)",,"",5,"normal",20,12,,,
"Afternoon workout 💪","8 Aug 2026, 14:12","8 Aug 2026, 16:09","","Single Arm Triceps Pushdown (Cable)",,"",6,"normal",30,12,,,
"Afternoon workout 💪","8 Aug 2026, 14:12","8 Aug 2026, 16:09","","Single Arm Triceps Pushdown (Cable)",,"",7,"normal",30,12,,,
"Afternoon workout 💪","8 Aug 2026, 14:12","8 Aug 2026, 16:09","","Single Arm Triceps Pushdown (Cable)",,"",8,"normal",30,12,,,
"Afternoon workout 💪","8 Aug 2026, 14:12","8 Aug 2026, 16:09","","Single Arm Triceps Pushdown (Cable)",,"",9,"normal",30,12,,,
"Afternoon workout 💪","8 Aug 2026, 14:12","8 Aug 2026, 16:09","","Triceps Pushdown",,"",0,"normal",70,10,,,
"Afternoon workout 💪","8 Aug 2026, 14:12","8 Aug 2026, 16:09","","Triceps Pushdown",,"",1,"normal",120,10,,,
"Afternoon workout 💪","8 Aug 2026, 14:12","8 Aug 2026, 16:09","","Triceps Pushdown",,"",2,"normal",120,10,,,
"Afternoon workout 💪","8 Aug 2026, 14:12","8 Aug 2026, 16:09","","Seated Incline Curl (Dumbbell)",,"",0,"normal",20,10,,,
"Afternoon workout 💪","8 Aug 2026, 14:12","8 Aug 2026, 16:09","","Seated Incline Curl (Dumbbell)",,"",1,"normal",25,10,,,
"Afternoon workout 💪","8 Aug 2026, 14:12","8 Aug 2026, 16:09","","Seated Incline Curl (Dumbbell)",,"",2,"normal",25,10,,,
"Afternoon workout 💪","8 Aug 2026, 14:12","8 Aug 2026, 16:09","","Seated Incline Curl (Dumbbell)",,"",3,"normal",25,10,,,
"Afternoon workout 💪","5 Aug 2026, 15:02","5 Aug 2026, 16:17","Good lift. I’ll try to repeat this again Saturday","Lying Leg Curl (Machine)",,"",0,"normal",40,15,,,
"Afternoon workout 💪","5 Aug 2026, 15:02","5 Aug 2026, 16:17","Good lift. I’ll try to repeat this again Saturday","Lying Leg Curl (Machine)",,"",1,"normal",50,16,,,
"Afternoon workout 💪","5 Aug 2026, 15:02","5 Aug 2026, 16:17","Good lift. I’ll try to repeat this again Saturday","Lying Leg Curl (Machine)",,"",2,"normal",60,12,,,
"Afternoon workout 💪","5 Aug 2026, 15:02","5 Aug 2026, 16:17","Good lift. I’ll try to repeat this again Saturday","Lying Leg Curl (Machine)",,"",3,"normal",60,16,,,
"Afternoon workout 💪","5 Aug 2026, 15:02","5 Aug 2026, 16:17","Good lift. I’ll try to repeat this again Saturday","Seated Leg Curl (Machine)",,"",0,"normal",80,12,,,
"Afternoon workout 💪","5 Aug 2026, 15:02","5 Aug 2026, 16:17","Good lift. I’ll try to repeat this again Saturday","Seated Leg Curl (Machine)",,"",1,"normal",100,8,,,
"Afternoon workout 💪","5 Aug 2026, 15:02","5 Aug 2026, 16:17","Good lift. I’ll try to repeat this again Saturday","Seated Leg Curl (Machine)",,"",2,"normal",100,7,,,
"Afternoon workout 💪","5 Aug 2026, 15:02","5 Aug 2026, 16:17","Good lift. I’ll try to repeat this again Saturday","Seated Leg Curl (Machine)",,"",3,"normal",100,10,,,
"Afternoon workout 💪","5 Aug 2026, 15:02","5 Aug 2026, 16:17","Good lift. I’ll try to repeat this again Saturday","Back Extension (Hyperextension)",,"",0,"normal",,8,,,
"Afternoon workout 💪","5 Aug 2026, 15:02","5 Aug 2026, 16:17","Good lift. I’ll try to repeat this again Saturday","Back Extension (Hyperextension)",,"",1,"normal",,8,,,
"Afternoon workout 💪","5 Aug 2026, 15:02","5 Aug 2026, 16:17","Good lift. I’ll try to repeat this again Saturday","Back Extension (Hyperextension)",,"",2,"normal",,8,,,
"Afternoon workout 💪","5 Aug 2026, 15:02","5 Aug 2026, 16:17","Good lift. I’ll try to repeat this again Saturday","Back Extension (Hyperextension)",,"",3,"normal",,10,,,
"Afternoon workout 💪","5 Aug 2026, 15:02","5 Aug 2026, 16:17","Good lift. I’ll try to repeat this again Saturday","Romanian Deadlift (Dumbbell)",,"",0,"warmup",100,6,,,
"Afternoon workout 💪","5 Aug 2026, 15:02","5 Aug 2026, 16:17","Good lift. I’ll try to repeat this again Saturday","Romanian Deadlift (Dumbbell)",,"",1,"normal",100,10,,,
"Afternoon workout 💪","5 Aug 2026, 15:02","5 Aug 2026, 16:17","Good lift. I’ll try to repeat this again Saturday","Romanian Deadlift (Dumbbell)",,"",2,"normal",130,10,,,
"Afternoon workout 💪","5 Aug 2026, 15:02","5 Aug 2026, 16:17","Good lift. I’ll try to repeat this again Saturday","Romanian Deadlift (Dumbbell)",,"",3,"normal",130,10,,,
"Afternoon workout 💪","5 Aug 2026, 15:02","5 Aug 2026, 16:17","Good lift. I’ll try to repeat this again Saturday","Hack Squat",,"",0,"warmup",100,10,,,
"Afternoon workout 💪","5 Aug 2026, 15:02","5 Aug 2026, 16:17","Good lift. I’ll try to repeat this again Saturday","Hack Squat",,"",1,"normal",190,6,,,
"Afternoon workout 💪","5 Aug 2026, 15:02","5 Aug 2026, 16:17","Good lift. I’ll try to repeat this again Saturday","Hack Squat",,"",2,"normal",150,5,,,
"Afternoon workout 💪","5 Aug 2026, 15:02","5 Aug 2026, 16:17","Good lift. I’ll try to repeat this again Saturday","Leg Press Horizontal (Machine)",,"One leg at a time",0,"normal",100,10,,,
"Afternoon workout 💪","5 Aug 2026, 15:02","5 Aug 2026, 16:17","Good lift. I’ll try to repeat this again Saturday","Leg Press Horizontal (Machine)",,"One leg at a time",1,"normal",100,10,,,
"Afternoon workout 💪","5 Aug 2026, 15:02","5 Aug 2026, 16:17","Good lift. I’ll try to repeat this again Saturday","Leg Press Horizontal (Machine)",,"One leg at a time",2,"normal",100,10,,,
"Afternoon workout 💪","5 Aug 2026, 15:02","5 Aug 2026, 16:17","Good lift. I’ll try to repeat this again Saturday","Leg Press Horizontal (Machine)",,"One leg at a time",3,"normal",100,10,,,
"Afternoon workout 💪","5 Aug 2026, 15:02","5 Aug 2026, 16:17","Good lift. I’ll try to repeat this again Saturday","Hip Adduction (Machine)",,"",0,"normal",100,10,,,
"Afternoon workout 💪","5 Aug 2026, 15:02","5 Aug 2026, 16:17","Good lift. I’ll try to repeat this again Saturday","Hip Adduction (Machine)",,"",1,"normal",100,10,,,
"Afternoon workout 💪","5 Aug 2026, 15:02","5 Aug 2026, 16:17","Good lift. I’ll try to repeat this again Saturday","Hip Adduction (Machine)",,"",2,"normal",100,10,,,
"Afternoon workout 💪","5 Aug 2026, 15:02","5 Aug 2026, 16:17","Good lift. I’ll try to repeat this again Saturday","Leg Extension (Machine)",,"Light pump",0,"normal",35,20,,,
"Afternoon workout 💪","5 Aug 2026, 15:02","5 Aug 2026, 16:17","Good lift. I’ll try to repeat this again Saturday","Leg Extension (Machine)",,"Light pump",1,"normal",35,20,,,
"Afternoon workout 💪","5 Aug 2026, 15:02","5 Aug 2026, 16:17","Good lift. I’ll try to repeat this again Saturday","Leg Extension (Machine)",,"Light pump",2,"normal",50,15,,,
"Afternoon workout 💪","4 Aug 2026, 13:40","4 Aug 2026, 14:53","","Chest Press (Machine)",,"",0,"normal",40,6,,,
"Afternoon workout 💪","4 Aug 2026, 13:40","4 Aug 2026, 14:53","","Chest Press (Machine)",,"",1,"normal",60,6,,,
"Afternoon workout 💪","4 Aug 2026, 13:40","4 Aug 2026, 14:53","","Chest Press (Machine)",,"",2,"normal",80,6,,,
"Afternoon workout 💪","4 Aug 2026, 13:40","4 Aug 2026, 14:53","","Chest Press (Machine)",,"",3,"normal",100,6,,,
"Afternoon workout 💪","4 Aug 2026, 13:40","4 Aug 2026, 14:53","","Chest Press (Machine)",,"",4,"normal",120,6,,,
"Afternoon workout 💪","4 Aug 2026, 13:40","4 Aug 2026, 14:53","","Chest Press (Machine)",,"",5,"normal",140,7,,,
"Afternoon workout 💪","4 Aug 2026, 13:40","4 Aug 2026, 14:53","","Chest Press (Machine)",,"",6,"normal",160,3,,,
"Afternoon workout 💪","4 Aug 2026, 13:40","4 Aug 2026, 14:53","","Chest Press (Machine)",,"",7,"normal",100,5,,,
"Afternoon workout 💪","4 Aug 2026, 13:40","4 Aug 2026, 14:53","","Bench Press (Barbell)",,"3 second",0,"normal",135,10,,,
"Afternoon workout 💪","4 Aug 2026, 13:40","4 Aug 2026, 14:53","","Bench Press (Barbell)",,"3 second",1,"normal",135,8,,,
"Afternoon workout 💪","4 Aug 2026, 13:40","4 Aug 2026, 14:53","","Bench Press (Barbell)",,"3 second",2,"normal",135,10,,,
"Afternoon workout 💪","4 Aug 2026, 13:40","4 Aug 2026, 14:53","","Lateral Raise (Dumbbell)",,"",0,"normal",10,10,,,
"Afternoon workout 💪","4 Aug 2026, 13:40","4 Aug 2026, 14:53","","Lateral Raise (Dumbbell)",,"",1,"normal",10,10,,,
"Afternoon workout 💪","4 Aug 2026, 13:40","4 Aug 2026, 14:53","","Lateral Raise (Dumbbell)",,"",2,"normal",12.5,10,,,
"Afternoon workout 💪","4 Aug 2026, 13:40","4 Aug 2026, 14:53","","Lateral Raise (Dumbbell)",,"",3,"normal",12.5,10,,,
"Afternoon workout 💪","4 Aug 2026, 13:40","4 Aug 2026, 14:53","","Lateral Raise (Dumbbell)",,"",4,"normal",15,10,,,
"Afternoon workout 💪","4 Aug 2026, 13:40","4 Aug 2026, 14:53","","Lateral Raise (Dumbbell)",,"",5,"normal",15,10,,,
"Afternoon workout 💪","4 Aug 2026, 13:40","4 Aug 2026, 14:53","","Seated Cable Row - Bar Grip",,"",0,"warmup",100,10,,,
"Afternoon workout 💪","4 Aug 2026, 13:40","4 Aug 2026, 14:53","","Seated Cable Row - Bar Grip",,"",1,"normal",120,10,,,
"Afternoon workout 💪","4 Aug 2026, 13:40","4 Aug 2026, 14:53","","Behind the Back Curl (Cable)",,"",0,"normal",30,10,,,
"Afternoon workout 💪","4 Aug 2026, 13:40","4 Aug 2026, 14:53","","Behind the Back Curl (Cable)",,"",1,"normal",30,10,,,
"Afternoon workout 💪","4 Aug 2026, 13:40","4 Aug 2026, 14:53","","Behind the Back Curl (Cable)",,"",2,"normal",50,10,,,
"Afternoon workout 💪","4 Aug 2026, 13:40","4 Aug 2026, 14:53","","Behind the Back Curl (Cable)",,"",3,"normal",50,10,,,
"Afternoon workout 💪","4 Aug 2026, 13:40","4 Aug 2026, 14:53","","Triceps Extension (Cable)",,"Idk lots",0,"normal",30,20,,,
"Wednesday","29 Jul 2026, 17:31","29 Jul 2026, 18:33","","Lat Pulldown (Cable)",,"Slow repa scap extension",0,"normal",90,10,,,
"Wednesday","29 Jul 2026, 17:31","29 Jul 2026, 18:33","","Lat Pulldown (Cable)",,"Slow repa scap extension",1,"normal",90,10,,,
"Wednesday","29 Jul 2026, 17:31","29 Jul 2026, 18:33","","Lat Pulldown (Cable)",,"Slow repa scap extension",2,"normal",120,6,,,
"Wednesday","29 Jul 2026, 17:31","29 Jul 2026, 18:33","","Lat Pulldown (Cable)",,"Slow repa scap extension",3,"normal",120,9,,,
"Wednesday","29 Jul 2026, 17:31","29 Jul 2026, 18:33","","Lateral Raise (Dumbbell)",,"Slow",0,"normal",10,10,,,
"Wednesday","29 Jul 2026, 17:31","29 Jul 2026, 18:33","","Lateral Raise (Dumbbell)",,"Slow",1,"normal",15,6,,,
"Wednesday","29 Jul 2026, 17:31","29 Jul 2026, 18:33","","Lateral Raise (Dumbbell)",,"Slow",2,"normal",10,12,,,
"Wednesday","29 Jul 2026, 17:31","29 Jul 2026, 18:33","","Lateral Raise (Dumbbell)",,"Slow",3,"normal",10,12,,,
"Wednesday","29 Jul 2026, 17:31","29 Jul 2026, 18:33","","Lateral Raise (Dumbbell)",,"Slow",4,"normal",10,15,,,
"Wednesday","29 Jul 2026, 17:31","29 Jul 2026, 18:33","","Lateral Raise (Dumbbell)",,"Slow",5,"normal",5,12,,,
"Wednesday","29 Jul 2026, 17:31","29 Jul 2026, 18:33","","Bent Over Row (Barbell)",,"",0,"normal",135,10,,,
"Wednesday","29 Jul 2026, 17:31","29 Jul 2026, 18:33","","Bent Over Row (Barbell)",,"",1,"normal",185,10,,,
"Wednesday","29 Jul 2026, 17:31","29 Jul 2026, 18:33","","Bent Over Row (Barbell)",,"",2,"normal",185,12,,,
"Wednesday","29 Jul 2026, 17:31","29 Jul 2026, 18:33","","Bent Over Row (Barbell)",,"",3,"normal",185,12,,,
"Evening workout 🏋️","27 Jul 2026, 17:00","27 Jul 2026, 21:21","","Chest Press (Machine)",,"3 sec neg",0,"normal",50,6,,,
"Evening workout 🏋️","27 Jul 2026, 17:00","27 Jul 2026, 21:21","","Chest Press (Machine)",,"3 sec neg",1,"normal",70,6,,,
"Evening workout 🏋️","27 Jul 2026, 17:00","27 Jul 2026, 21:21","","Chest Press (Machine)",,"3 sec neg",2,"normal",100,6,,,
"Evening workout 🏋️","27 Jul 2026, 17:00","27 Jul 2026, 21:21","","Chest Press (Machine)",,"3 sec neg",3,"normal",120,6,,,
"Evening workout 🏋️","27 Jul 2026, 17:00","27 Jul 2026, 21:21","","Chest Press (Machine)",,"3 sec neg",4,"normal",140,3,,,
"Evening workout 🏋️","27 Jul 2026, 17:00","27 Jul 2026, 21:21","","Chest Press (Machine)",,"3 sec neg",5,"normal",100,6,,,
"Evening workout 🏋️","27 Jul 2026, 17:00","27 Jul 2026, 21:21","","Incline Push Ups",,"",0,"normal",,10,,,
"Evening workout 🏋️","27 Jul 2026, 17:00","27 Jul 2026, 21:21","","Incline Bench Press (Barbell)",,"3 sec negs hard",0,"normal",45,10,,,
"Evening workout 🏋️","27 Jul 2026, 17:00","27 Jul 2026, 21:21","","Incline Bench Press (Barbell)",,"3 sec negs hard",1,"normal",95,10,,,
"Evening workout 🏋️","27 Jul 2026, 17:00","27 Jul 2026, 21:21","","Incline Bench Press (Barbell)",,"3 sec negs hard",2,"normal",95,8,,,
"Evening workout 🏋️","27 Jul 2026, 17:00","27 Jul 2026, 21:21","","Incline Bench Press (Barbell)",,"3 sec negs hard",3,"normal",95,6,,,
"Evening workout 🏋️","27 Jul 2026, 17:00","27 Jul 2026, 21:21","","Incline Chest Fly (Dumbbell)",,"",0,"normal",17.5,10,,,
"Evening workout 🏋️","27 Jul 2026, 17:00","27 Jul 2026, 21:21","","Incline Chest Fly (Dumbbell)",,"",1,"normal",17.5,10,,,
"Evening workout 🏋️","27 Jul 2026, 17:00","27 Jul 2026, 21:21","","Incline Chest Fly (Dumbbell)",,"",2,"normal",17.5,10,,,
"Evening workout 🏋️","27 Jul 2026, 17:00","27 Jul 2026, 21:21","","Seated Incline Curl (Dumbbell)",,"3 second lawd",0,"normal",17.5,10,,,
"Evening workout 🏋️","27 Jul 2026, 17:00","27 Jul 2026, 21:21","","Seated Incline Curl (Dumbbell)",,"3 second lawd",1,"normal",25,10,,,
"Evening workout 🏋️","27 Jul 2026, 17:00","27 Jul 2026, 21:21","","Seated Incline Curl (Dumbbell)",,"3 second lawd",2,"normal",25,10,,,
"Evening workout 🏋️","27 Jul 2026, 17:00","27 Jul 2026, 21:21","","Seated Incline Curl (Dumbbell)",,"3 second lawd",3,"normal",25,10,,,
"Afternoon workout 💪","24 Jul 2026, 14:42","24 Jul 2026, 15:17","","Seated Cable Row - Bar Grip",,"",0,"warmup",100,10,,,
"Afternoon workout 💪","24 Jul 2026, 14:42","24 Jul 2026, 15:17","","Seated Cable Row - Bar Grip",,"",1,"normal",130,10,,,
"Afternoon workout 💪","24 Jul 2026, 14:42","24 Jul 2026, 15:17","","Seated Cable Row - Bar Grip",,"",2,"normal",150,10,,,
"Afternoon workout 💪","24 Jul 2026, 14:42","24 Jul 2026, 15:17","","Deadlift (Barbell)",,"",0,"normal",135,5,,,
"Afternoon workout 💪","24 Jul 2026, 14:42","24 Jul 2026, 15:17","","Deadlift (Barbell)",,"",1,"normal",225,5,,,
"Afternoon workout 💪","24 Jul 2026, 14:42","24 Jul 2026, 15:17","","Deadlift (Barbell)",,"",2,"normal",315,3,,,
"Afternoon workout 💪","24 Jul 2026, 14:42","24 Jul 2026, 15:17","","Deadlift (Barbell)",,"",3,"normal",315,3,,,
"Afternoon workout 💪","24 Jul 2026, 14:42","24 Jul 2026, 15:17","","Deadlift (Barbell)",,"",4,"normal",315,3,,,
"Afternoon workout 💪","24 Jul 2026, 14:42","24 Jul 2026, 15:17","","Deadlift (Barbell)",,"",5,"normal",315,3,,,
"Rehab lol","23 Jul 2026, 06:54","23 Jul 2026, 07:01","","Leg Extension (Machine)",,"Last set tke",0,"normal",50,15,,,
"Rehab lol","23 Jul 2026, 06:54","23 Jul 2026, 07:01","","Leg Extension (Machine)",,"Last set tke",1,"normal",70,15,,,
"Rehab lol","23 Jul 2026, 06:54","23 Jul 2026, 07:01","","Leg Extension (Machine)",,"Last set tke",2,"normal",90,15,,,
"Rehab lol","23 Jul 2026, 06:54","23 Jul 2026, 07:01","","Leg Extension (Machine)",,"Last set tke",3,"normal",50,10,,,
"Rehab lol","23 Jul 2026, 06:54","23 Jul 2026, 07:01","","Squat (Bodyweight)",,"",0,"normal",,20,,,
"Rehab lol","23 Jul 2026, 06:54","23 Jul 2026, 07:01","","Squat (Bodyweight)",,"",1,"normal",,20,,,
"Rehab lol","23 Jul 2026, 06:54","23 Jul 2026, 07:01","","Step Up",,"Coming",0,"normal",,3,,,
"Rehab lol","23 Jul 2026, 06:54","23 Jul 2026, 07:01","","Step Up",,"Coming",1,"normal",,3,,,
"Rehab lol","23 Jul 2026, 06:54","23 Jul 2026, 07:01","","Step Up",,"Coming",2,"normal",,5,,,
"Rehab lol","23 Jul 2026, 06:54","23 Jul 2026, 07:01","","cranes",,"",0,"normal",,3,,,
"Rehab lol","23 Jul 2026, 06:54","23 Jul 2026, 07:01","","cranes",,"",1,"normal",,3,,,
"Rehab lol","23 Jul 2026, 06:54","23 Jul 2026, 07:01","","Lying Leg Curl (Machine)",,"",0,"normal",60,20,,,
"Rehab lol","23 Jul 2026, 06:54","23 Jul 2026, 07:01","","Lying Leg Curl (Machine)",,"",1,"normal",60,20,,,
"Morning workout ☀️","20 Jul 2026, 06:19","20 Jul 2026, 06:52","A good workout well documented is better than a great workout not documented.","Leg Extension (Machine)",,"",0,"normal",50,10,,,
"Morning workout ☀️","20 Jul 2026, 06:19","20 Jul 2026, 06:52","A good workout well documented is better than a great workout not documented.","Leg Extension (Machine)",,"",1,"normal",70,10,,,
"Morning workout ☀️","20 Jul 2026, 06:19","20 Jul 2026, 06:52","A good workout well documented is better than a great workout not documented.","Leg Extension (Machine)",,"",2,"normal",90,5,,,
"Morning workout ☀️","20 Jul 2026, 06:19","20 Jul 2026, 06:52","A good workout well documented is better than a great workout not documented.","Leg Extension (Machine)",,"",3,"normal",90,16,,,
"Morning workout ☀️","20 Jul 2026, 06:19","20 Jul 2026, 06:52","A good workout well documented is better than a great workout not documented.","Seated Cable Row - Bar Grip",,"",0,"warmup",70,10,,,
"Morning workout ☀️","20 Jul 2026, 06:19","20 Jul 2026, 06:52","A good workout well documented is better than a great workout not documented.","Seated Cable Row - Bar Grip",,"",1,"normal",150,10,,,
"Morning workout ☀️","20 Jul 2026, 06:19","20 Jul 2026, 06:52","A good workout well documented is better than a great workout not documented.","Seated Cable Row - Bar Grip",,"",2,"normal",170,9,,,
"Morning workout ☀️","20 Jul 2026, 06:19","20 Jul 2026, 06:52","A good workout well documented is better than a great workout not documented.","Squat (Bodyweight)",,"Leaning forward. Squat stretch for maybe 30 at end.",0,"normal",,10,,,
"Morning workout ☀️","20 Jul 2026, 06:19","20 Jul 2026, 06:52","A good workout well documented is better than a great workout not documented.","Squat (Bodyweight)",,"Leaning forward. Squat stretch for maybe 30 at end.",1,"normal",,6,,,
"Morning workout ☀️","20 Jul 2026, 06:19","20 Jul 2026, 06:52","A good workout well documented is better than a great workout not documented.","Squat (Bodyweight)",,"Leaning forward. Squat stretch for maybe 30 at end.",2,"normal",,10,,,
"Morning workout ☀️","20 Jul 2026, 06:19","20 Jul 2026, 06:52","A good workout well documented is better than a great workout not documented.","Squat (Bodyweight)",,"Leaning forward. Squat stretch for maybe 30 at end.",3,"normal",,10,,,
"Morning workout ☀️","18 Jul 2026, 12:04","18 Jul 2026, 12:47","","Deadlift (Barbell)",,"Slow and steady. Will be mice to go hwavy again soon",0,"normal",135,6,,,
"Morning workout ☀️","18 Jul 2026, 12:04","18 Jul 2026, 12:47","","Deadlift (Barbell)",,"Slow and steady. Will be mice to go hwavy again soon",1,"normal",225,6,,,
"Morning workout ☀️","18 Jul 2026, 12:04","18 Jul 2026, 12:47","","Deadlift (Barbell)",,"Slow and steady. Will be mice to go hwavy again soon",2,"normal",315,5,,,
"Morning workout ☀️","18 Jul 2026, 12:04","18 Jul 2026, 12:47","","Deadlift (Barbell)",,"Slow and steady. Will be mice to go hwavy again soon",3,"normal",315,3,,,
"Morning workout ☀️","18 Jul 2026, 12:04","18 Jul 2026, 12:47","","Deadlift (Barbell)",,"Slow and steady. Will be mice to go hwavy again soon",4,"normal",315,2,,,
"Morning workout ☀️","18 Jul 2026, 12:04","18 Jul 2026, 12:47","","Deadlift (Barbell)",,"Slow and steady. Will be mice to go hwavy again soon",5,"normal",315,5,,,
"Morning workout ☀️","18 Jul 2026, 12:04","18 Jul 2026, 12:47","","Bent Over Row (Barbell)",,"",0,"warmup",135,8,,,
"Morning workout ☀️","18 Jul 2026, 12:04","18 Jul 2026, 12:47","","Bent Over Row (Barbell)",,"",1,"warmup",135,10,,,
"Morning workout ☀️","18 Jul 2026, 12:04","18 Jul 2026, 12:47","","Bent Over Row (Barbell)",,"",2,"normal",135,10,,,
"Morning workout ☀️","18 Jul 2026, 12:04","18 Jul 2026, 12:47","","Lying Leg Curl (Machine)",,"",0,"normal",60,14,,,
"Morning workout ☀️","18 Jul 2026, 12:04","18 Jul 2026, 12:47","","Lying Leg Curl (Machine)",,"",1,"normal",60,18,,,
"Morning workout ☀️","18 Jul 2026, 12:04","18 Jul 2026, 12:47","","Lying Leg Curl (Machine)",,"",2,"normal",60,14,,,
"Morning workout ☀️","18 Jul 2026, 12:04","18 Jul 2026, 12:47","","Lat Pulldown (Cable)",,"",0,"normal",100,14,,,
"Morning workout ☀️","18 Jul 2026, 12:04","18 Jul 2026, 12:47","","Lat Pulldown (Cable)",,"",1,"normal",120,12,,,
"Morning workout ☀️","18 Jul 2026, 12:04","18 Jul 2026, 12:47","","Lat Pulldown (Cable)",,"",2,"normal",120,10,,,
"Morning workout ☀️","18 Jul 2026, 12:04","18 Jul 2026, 12:47","","Preacher Curl (Dumbbell)",,"",0,"normal",20,8,,,
"Morning workout ☀️","18 Jul 2026, 12:04","18 Jul 2026, 12:47","","Preacher Curl (Dumbbell)",,"",1,"normal",20,8,,,
"Morning workout ☀️","7 Jul 2026, 07:55","7 Jul 2026, 10:17","","Lat Pulldown (Machine)",,"",0,"normal",50,10,,,
"Morning workout ☀️","7 Jul 2026, 07:55","7 Jul 2026, 10:17","","Lat Pulldown (Machine)",,"",1,"normal",100,10,,,
"Morning workout ☀️","7 Jul 2026, 07:55","7 Jul 2026, 10:17","","Lat Pulldown (Machine)",,"",2,"normal",150,15,,,
"Morning workout ☀️","7 Jul 2026, 07:55","7 Jul 2026, 10:17","","Lat Pulldown (Machine)",,"",3,"normal",170,15,,,
"Morning workout ☀️","7 Jul 2026, 07:55","7 Jul 2026, 10:17","","Shoulder Press (Machine Plates)",,"",0,"normal",60,10,,,
"Morning workout ☀️","7 Jul 2026, 07:55","7 Jul 2026, 10:17","","Shoulder Press (Machine Plates)",,"",1,"normal",150,10,,,
"Morning workout ☀️","7 Jul 2026, 07:55","7 Jul 2026, 10:17","","Deadlift (Barbell)",,"I can deadlfy again !!!!!!",0,"normal",95,10,,,
"Morning workout ☀️","7 Jul 2026, 07:55","7 Jul 2026, 10:17","","Deadlift (Barbell)",,"I can deadlfy again !!!!!!",1,"normal",135,10,,,
"Morning workout ☀️","7 Jul 2026, 07:55","7 Jul 2026, 10:17","","Deadlift (Barbell)",,"I can deadlfy again !!!!!!",2,"normal",225,10,,,
"Morning workout ☀️","7 Jul 2026, 07:55","7 Jul 2026, 10:17","","Lying Leg Curl (Machine)",,"",0,"normal",60,25,,,
"Afternoon workout 💪","22 Jun 2026, 16:47","22 Jun 2026, 18:05","","Seated Leg Curl (Machine)",,"",0,"normal",140,10,,,
"Afternoon workout 💪","22 Jun 2026, 16:47","22 Jun 2026, 18:05","","Seated Leg Curl (Machine)",,"",1,"normal",140,10,,,
"Afternoon workout 💪","22 Jun 2026, 16:47","22 Jun 2026, 18:05","","Seated Leg Curl (Machine)",,"",2,"normal",90,5,,,
"Afternoon workout 💪","22 Jun 2026, 16:47","22 Jun 2026, 18:05","","Seated Leg Curl (Machine)",,"",3,"normal",140,10,,,
"Afternoon workout 💪","22 Jun 2026, 16:47","22 Jun 2026, 18:05","","Seated Leg Curl (Machine)",,"",4,"normal",100,10,,,
"Afternoon workout 💪","22 Jun 2026, 16:47","22 Jun 2026, 18:05","","Lying Leg Curl (Machine)",,"",0,"normal",60,10,,,
"Afternoon workout 💪","22 Jun 2026, 16:47","22 Jun 2026, 18:05","","Lying Leg Curl (Machine)",,"",1,"normal",80,10,,,
"Afternoon workout 💪","22 Jun 2026, 16:47","22 Jun 2026, 18:05","","Lying Leg Curl (Machine)",,"",2,"normal",85,9,,,
"Afternoon workout 💪","22 Jun 2026, 16:47","22 Jun 2026, 18:05","","Lying Leg Curl (Machine)",,"",3,"normal",85,12,,,
"Afternoon workout 💪","22 Jun 2026, 16:47","22 Jun 2026, 18:05","","Hip Adduction (Machine)",,"",0,"normal",90,15,,,
"Afternoon workout 💪","22 Jun 2026, 16:47","22 Jun 2026, 18:05","","Hip Adduction (Machine)",,"",1,"normal",90,15,,,
"Afternoon workout 💪","22 Jun 2026, 16:47","22 Jun 2026, 18:05","","Hip Adduction (Machine)",,"",2,"normal",90,15,,,
"Afternoon workout 💪","22 Jun 2026, 16:47","22 Jun 2026, 18:05","","Leg Press Horizontal (Machine)",,"Yikes  ya taking it easy on these.",0,"normal",80,10,,,
"Afternoon workout 💪","22 Jun 2026, 16:47","22 Jun 2026, 18:05","","Leg Press Horizontal (Machine)",,"Yikes  ya taking it easy on these.",1,"normal",80,15,,,
"Afternoon workout 💪","22 Jun 2026, 16:47","22 Jun 2026, 18:05","","Leg Press Horizontal (Machine)",,"Yikes  ya taking it easy on these.",2,"normal",160,10,,,
"Afternoon workout 💪","22 Jun 2026, 16:47","22 Jun 2026, 18:05","","Romanian Deadlift (Dumbbell)",,"",0,"warmup",35,10,,,
"Afternoon workout 💪","14 Jun 2026, 18:03","14 Jun 2026, 18:24","","Leg Extension (Machine)",,"",0,"normal",50,15,,,
"Afternoon workout 💪","14 Jun 2026, 18:03","14 Jun 2026, 18:24","","Leg Extension (Machine)",,"",1,"normal",140,15,,,
"Afternoon workout 💪","14 Jun 2026, 18:03","14 Jun 2026, 18:24","","Leg Extension (Machine)",,"",2,"normal",140,15,,,
"Afternoon workout 💪","14 Jun 2026, 18:03","14 Jun 2026, 18:24","","Leg Extension (Machine)",,"",3,"normal",140,15,,,
"Afternoon workout 💪","14 Jun 2026, 18:03","14 Jun 2026, 18:24","","Seated Leg Curl (Machine)",,"",0,"normal",140,15,,,
"Afternoon workout 💪","14 Jun 2026, 18:03","14 Jun 2026, 18:24","","Seated Leg Curl (Machine)",,"",1,"normal",140,15,,,
"Afternoon workout 💪","14 Jun 2026, 18:03","14 Jun 2026, 18:24","","Seated Leg Curl (Machine)",,"",2,"normal",140,15,,,
"Afternoon workout 💪","14 Jun 2026, 18:03","14 Jun 2026, 18:24","","Chest Supported Row",,"",0,"normal",48,15,,,
"Afternoon workout 💪","14 Jun 2026, 18:03","14 Jun 2026, 18:24","","Chest Supported Row",,"",1,"normal",90,15,,,
"Afternoon workout 💪","14 Jun 2026, 18:03","14 Jun 2026, 18:24","","Chest Supported Row",,"",2,"normal",135,8,,,
"Afternoon workout 💪","14 Jun 2026, 18:03","14 Jun 2026, 18:24","","Chest Supported Row",,"",3,"normal",135,8,,,
"Afternoon workout 💪","14 Jun 2026, 18:03","14 Jun 2026, 18:24","","Chest Supported Row",,"",4,"normal",90,15,,,
"Afternoon workout 💪","14 Jun 2026, 18:03","14 Jun 2026, 18:24","","Cable Pull Through",,"Wide stabce to get pc going iykyk",0,"normal",30,10,,,
"Afternoon workout 💪","14 Jun 2026, 18:03","14 Jun 2026, 18:24","","Cable Pull Through",,"Wide stabce to get pc going iykyk",1,"normal",40,10,,,
"Afternoon workout 💪","14 Jun 2026, 18:03","14 Jun 2026, 18:24","","Cable Pull Through",,"Wide stabce to get pc going iykyk",2,"normal",50,15,,,
"Afternoon workout 💪","11 Jun 2026, 16:38","11 Jun 2026, 18:10","","Chest Press (Machine)",,"",0,"normal",70,20,,,
"Afternoon workout 💪","11 Jun 2026, 16:38","11 Jun 2026, 18:10","","Chest Press (Machine)",,"",1,"normal",110,15,,,
"Afternoon workout 💪","11 Jun 2026, 16:38","11 Jun 2026, 18:10","","Chest Press (Machine)",,"",2,"normal",130,15,,,
"Afternoon workout 💪","11 Jun 2026, 16:38","11 Jun 2026, 18:10","","Chest Press (Machine)",,"",3,"normal",170,6,,,
"Afternoon workout 💪","11 Jun 2026, 16:38","11 Jun 2026, 18:10","","Chest Press (Machine)",,"",4,"normal",170,6,,,
"Afternoon workout 💪","11 Jun 2026, 16:38","11 Jun 2026, 18:10","","Bench Press (Barbell)",,"",0,"normal",45,20,,,
"Afternoon workout 💪","11 Jun 2026, 16:38","11 Jun 2026, 18:10","","Bench Press (Barbell)",,"",1,"normal",95,20,,,
"Afternoon workout 💪","11 Jun 2026, 16:38","11 Jun 2026, 18:10","","Bench Press (Barbell)",,"",2,"normal",135,15,,,
"Afternoon workout 💪","11 Jun 2026, 16:38","11 Jun 2026, 18:10","","Bench Press (Barbell)",,"",3,"normal",185,5,,,
"Afternoon workout 💪","11 Jun 2026, 16:38","11 Jun 2026, 18:10","","Triceps Pushdown",,"",0,"normal",30,40,,,
"Afternoon workout 💪","11 Jun 2026, 16:38","11 Jun 2026, 18:10","","Triceps Pushdown",,"",1,"normal",50,20,,,
"Afternoon workout 💪","11 Jun 2026, 16:38","11 Jun 2026, 18:10","","Triceps Pushdown",,"",2,"normal",50,20,,,
"Afternoon workout 💪","11 Jun 2026, 16:38","11 Jun 2026, 18:10","","Triceps Pushdown",,"",3,"normal",50,20,,,
"Afternoon workout 💪","11 Jun 2026, 16:38","11 Jun 2026, 18:10","","Triceps Pushdown",,"",4,"normal",50,20,,,
"Afternoon workout 💪","11 Jun 2026, 16:38","11 Jun 2026, 18:10","","Chest Fly (Machine)",,"",0,"normal",70,15,,,
"Afternoon workout 💪","11 Jun 2026, 16:38","11 Jun 2026, 18:10","","Chest Fly (Machine)",,"",1,"normal",90,26,,,
"Afternoon workout 💪","11 Jun 2026, 16:38","11 Jun 2026, 18:10","","Chest Fly (Machine)",,"",2,"normal",130,12,,,
"Afternoon workout 💪","11 Jun 2026, 16:38","11 Jun 2026, 18:10","","Upright Row (Barbell)",,"",0,"normal",95,8,,,
"Afternoon workout 💪","11 Jun 2026, 16:38","11 Jun 2026, 18:10","","Upright Row (Barbell)",,"",1,"normal",75,12,,,
"Afternoon workout 💪","11 Jun 2026, 16:38","11 Jun 2026, 18:10","","Seated Incline Curl (Dumbbell)",,"",0,"normal",22.5,20,,,
"Afternoon workout 💪","11 Jun 2026, 16:38","11 Jun 2026, 18:10","","Seated Incline Curl (Dumbbell)",,"",1,"normal",22.5,20,,,
"Afternoon workout 💪","11 Jun 2026, 16:38","11 Jun 2026, 18:10","","Behind the Back Curl (Cable)",,"",0,"normal",15,28,,,
"Afternoon workout 💪","11 Jun 2026, 16:38","11 Jun 2026, 18:10","","Behind the Back Curl (Cable)",,"",1,"normal",15,28,,,
"Afternoon workout 💪","11 Jun 2026, 16:38","11 Jun 2026, 18:10","","Behind the Back Curl (Cable)",,"",2,"normal",15,28,,,
"Afternoon workout 💪","17 May 2026, 13:26","17 May 2026, 15:09","","Preacher Curl (Machine)",,"",0,"normal",50,8,,,
"Afternoon workout 💪","17 May 2026, 13:26","17 May 2026, 15:09","","Preacher Curl (Machine)",,"",1,"normal",65,8,,,
"Afternoon workout 💪","17 May 2026, 13:26","17 May 2026, 15:09","","Preacher Curl (Machine)",,"",2,"normal",80,7,,,
"Afternoon workout 💪","17 May 2026, 13:26","17 May 2026, 15:09","","Preacher Curl (Machine)",,"",3,"normal",95,6,,,
"Afternoon workout 💪","17 May 2026, 13:26","17 May 2026, 15:09","","Preacher Curl (Machine)",,"",4,"normal",100,6,,,
"Afternoon workout 💪","17 May 2026, 13:26","17 May 2026, 15:09","","Preacher Curl (Machine)",,"",5,"normal",105,6,,,
"Afternoon workout 💪","17 May 2026, 13:26","17 May 2026, 15:09","","Preacher Curl (Machine)",,"",6,"normal",55,6,,,
"Afternoon workout 💪","17 May 2026, 13:26","17 May 2026, 15:09","","Chest Press (Machine)",,"Blah",0,"normal",55,12,,,
"Afternoon workout 💪","17 May 2026, 13:26","17 May 2026, 15:09","","Seated Calf Raise",,"",0,"normal",28,15,,,
"Afternoon workout 💪","17 May 2026, 13:26","17 May 2026, 15:09","","Seated Calf Raise",,"",1,"normal",25,15,,,
"Afternoon workout 💪","17 May 2026, 13:26","17 May 2026, 15:09","","Seated Calf Raise",,"",2,"normal",25,15,,,
"Afternoon workout 💪","17 May 2026, 13:26","17 May 2026, 15:09","","Cable Fly Crossovers",,"",0,"normal",16.5,8,,,
"Afternoon workout 💪","17 May 2026, 13:26","17 May 2026, 15:09","","Cable Fly Crossovers",,"",1,"normal",16.5,8,,,
"Afternoon workout 💪","17 May 2026, 13:26","17 May 2026, 15:09","","Cable Fly Crossovers",,"",2,"normal",16.5,8,,,
"Afternoon workout 💪","17 May 2026, 13:26","17 May 2026, 15:09","","Cable Fly Crossovers",,"",3,"normal",16.5,8,,,
"Afternoon workout 💪","17 May 2026, 13:26","17 May 2026, 15:09","","Cable Fly Crossovers",,"",4,"normal",16.5,8,,,
"Afternoon workout 💪","17 May 2026, 13:26","17 May 2026, 15:09","","Cable Fly Crossovers",,"",5,"normal",16.5,8,,,
"Afternoon workout 💪","17 May 2026, 13:26","17 May 2026, 15:09","","Incline Bench Press (Barbell)",,"Breathe",0,"normal",45,30,,,
"Afternoon workout 💪","17 May 2026, 13:26","17 May 2026, 15:09","","Incline Bench Press (Barbell)",,"Breathe",1,"normal",45,32,,,
"Afternoon workout 💪","17 May 2026, 13:26","17 May 2026, 15:09","","Triceps Pushdown",,"",0,"normal",20,20,,,
"Afternoon workout 💪","17 May 2026, 13:26","17 May 2026, 15:09","","Triceps Pushdown",,"",1,"normal",30,10,,,
"Afternoon workout 💪","17 May 2026, 13:26","17 May 2026, 15:09","","Triceps Pushdown",,"",2,"normal",30,10,,,
"Afternoon workout 💪","17 May 2026, 13:26","17 May 2026, 15:09","","Triceps Pushdown",,"",3,"normal",30,10,,,
"Afternoon workout 💪","17 May 2026, 13:26","17 May 2026, 15:09","","Triceps Pushdown",,"",4,"normal",30,10,,,
"Afternoon workout 💪","17 May 2026, 13:26","17 May 2026, 15:09","","Triceps Pushdown",,"",5,"normal",30,15,,,
"Afternoon workout 💪","17 May 2026, 13:26","17 May 2026, 15:09","","Triceps Pushdown",,"",6,"normal",30,15,,,
"Afternoon workout 💪","17 May 2026, 13:26","17 May 2026, 15:09","","Bicep Curl (Dumbbell)",,"",0,"normal",20,15,,,
"Afternoon workout 💪","17 May 2026, 13:26","17 May 2026, 15:09","","Bicep Curl (Dumbbell)",,"",1,"normal",20,15,,,
"Afternoon workout 💪","17 May 2026, 13:26","17 May 2026, 15:09","","Bicep Curl (Dumbbell)",,"",2,"normal",20,15,,,
"Afternoon workout 💪","17 May 2026, 13:26","17 May 2026, 15:09","","Lateral Raise (Machine)",,"",0,"normal",25,20,,,
"Afternoon workout 💪","17 May 2026, 13:26","17 May 2026, 15:09","","Lateral Raise (Machine)",,"",1,"normal",25,20,,,
"Afternoon workout 💪","15 May 2026, 17:06","15 May 2026, 17:19","","Leg Press (Machine)",,"De",0,"normal",225,5,,,
"Afternoon workout 💪","15 May 2026, 17:06","15 May 2026, 17:19","","Leg Press (Machine)",,"De",1,"normal",225,5,,,
"Afternoon workout 💪","15 May 2026, 17:06","15 May 2026, 17:19","","Leg Press (Machine)",,"De",2,"normal",225,5,,,
"Afternoon workout 💪","15 May 2026, 17:06","15 May 2026, 17:19","","Leg Press (Machine)",,"De",3,"normal",225,5,,,
"Afternoon workout 💪","15 May 2026, 17:06","15 May 2026, 17:19","","Leg Press (Machine)",,"De",4,"normal",225,5,,,
"Afternoon workout 💪","15 May 2026, 17:06","15 May 2026, 17:19","","Romanian Deadlift (Dumbbell)",,"Eccebtric speed is crucial here",0,"warmup",45,8,,,
"Afternoon workout 💪","15 May 2026, 17:06","15 May 2026, 17:19","","Romanian Deadlift (Dumbbell)",,"Eccebtric speed is crucial here",1,"normal",45,8,,,
"Afternoon workout 💪","15 May 2026, 17:06","15 May 2026, 17:19","","Romanian Deadlift (Dumbbell)",,"Eccebtric speed is crucial here",2,"normal",45,8,,,
"Afternoon workout 💪","15 May 2026, 17:06","15 May 2026, 17:19","","Lying Leg Curl (Machine)",,"Pointed toes",0,"normal",50,12,,,
"Afternoon workout 💪","15 May 2026, 17:06","15 May 2026, 17:19","","Lying Leg Curl (Machine)",,"Pointed toes",1,"normal",50,20,,,
"Afternoon workout 💪","15 May 2026, 17:06","15 May 2026, 17:19","","Lying Leg Curl (Machine)",,"Pointed toes",2,"normal",50,11,,,
"Afternoon workout 💪","15 May 2026, 17:06","15 May 2026, 17:19","","Seated Calf Raise",,"",0,"normal",50,10,,,
"Afternoon workout 💪","15 May 2026, 17:06","15 May 2026, 17:19","","Seated Calf Raise",,"",1,"normal",50,10,,,
"Afternoon workout 💪","15 May 2026, 17:06","15 May 2026, 17:19","","Seated Calf Raise",,"",2,"normal",50,10,,,
"Quadalacanal also delticons and biceps times max","10 May 2026, 13:45","10 May 2026, 15:24","","massage chair",,"Got that black card. Iykyk",0,"normal",,,,1200,
"Quadalacanal also delticons and biceps times max","10 May 2026, 13:45","10 May 2026, 15:24","","Preacher Curl (Machine)",,"",0,"normal",65,8,,,
"Quadalacanal also delticons and biceps times max","10 May 2026, 13:45","10 May 2026, 15:24","","Preacher Curl (Machine)",,"",1,"normal",65,8,,,
"Quadalacanal also delticons and biceps times max","10 May 2026, 13:45","10 May 2026, 15:24","","Behind the Back Curl (Cable)",,"",0,"normal",10,12,,,
"Quadalacanal also delticons and biceps times max","10 May 2026, 13:45","10 May 2026, 15:24","","Behind the Back Curl (Cable)",,"",1,"normal",10,12,,,
"Quadalacanal also delticons and biceps times max","10 May 2026, 13:45","10 May 2026, 15:24","","Behind the Back Curl (Cable)",,"",2,"normal",15,14,,,
"Quadalacanal also delticons and biceps times max","10 May 2026, 13:45","10 May 2026, 15:24","","Behind the Back Curl (Cable)",,"",3,"normal",15,14,,,
"Quadalacanal also delticons and biceps times max","10 May 2026, 13:45","10 May 2026, 15:24","","Chest Press (Machine)",,"",0,"normal",85,15,,,
"Quadalacanal also delticons and biceps times max","10 May 2026, 13:45","10 May 2026, 15:24","","Chest Press (Machine)",,"",1,"normal",100,15,,,
"Quadalacanal also delticons and biceps times max","10 May 2026, 13:45","10 May 2026, 15:24","","Chest Press (Machine)",,"",2,"normal",115,10,,,
"Quadalacanal also delticons and biceps times max","10 May 2026, 13:45","10 May 2026, 15:24","","Chest Press (Machine)",,"",3,"normal",130,8,,,
"Quadalacanal also delticons and biceps times max","10 May 2026, 13:45","10 May 2026, 15:24","","Chest Press (Machine)",,"",4,"normal",145,8,,,
"Quadalacanal also delticons and biceps times max","10 May 2026, 13:45","10 May 2026, 15:24","","Incline Push Ups",,"",0,"normal",,10,,,
"Quadalacanal also delticons and biceps times max","10 May 2026, 13:45","10 May 2026, 15:24","","Incline Push Ups",,"",1,"normal",,10,,,
"Quadalacanal also delticons and biceps times max","10 May 2026, 13:45","10 May 2026, 15:24","","Incline Push Ups",,"",2,"normal",,10,,,
"Quadalacanal also delticons and biceps times max","10 May 2026, 13:45","10 May 2026, 15:24","","Incline Push Ups",,"",3,"normal",,10,,,
"Quadalacanal also delticons and biceps times max","10 May 2026, 13:45","10 May 2026, 15:24","","Seated Calf Raise",,"",0,"normal",50,12,,,
"Quadalacanal also delticons and biceps times max","10 May 2026, 13:45","10 May 2026, 15:24","","Seated Calf Raise",,"",1,"normal",50,12,,,
"Quadalacanal also delticons and biceps times max","10 May 2026, 13:45","10 May 2026, 15:24","","Seated Calf Raise",,"",2,"normal",50,12,,,
"Quadalacanal also delticons and biceps times max","10 May 2026, 13:45","10 May 2026, 15:24","","Seated Calf Raise",,"",3,"normal",50,9,,,
"Quadalacanal also delticons and biceps times max","10 May 2026, 13:45","10 May 2026, 15:24","","Lateral Raise (Machine)",,"How do you break a coat hanger ? Very creaky. Sime mild pain.",0,"normal",20,20,,,
"Quadalacanal also delticons and biceps times max","10 May 2026, 13:45","10 May 2026, 15:24","","Lateral Raise (Machine)",,"How do you break a coat hanger ? Very creaky. Sime mild pain.",1,"normal",20,45,,,
"Quadalacanal also delticons and biceps times max","10 May 2026, 13:45","10 May 2026, 15:24","","Lateral Raise (Machine)",,"How do you break a coat hanger ? Very creaky. Sime mild pain.",2,"normal",20,30,,,
"May 6 chest","6 May 2026, 16:27","6 May 2026, 18:10","Using preacher curl to open up shoulder pre and post pressing.  Really helps.","Seated Incline Curl (Dumbbell)",,"",0,"normal",20,10,,,
"May 6 chest","6 May 2026, 16:27","6 May 2026, 18:10","Using preacher curl to open up shoulder pre and post pressing.  Really helps.","Incline Bench Press (Dumbbell)",,"",0,"normal",30,10,,,
"May 6 chest","6 May 2026, 16:27","6 May 2026, 18:10","Using preacher curl to open up shoulder pre and post pressing.  Really helps.","Incline Bench Press (Dumbbell)",,"",1,"normal",40,10,,,
"May 6 chest","6 May 2026, 16:27","6 May 2026, 18:10","Using preacher curl to open up shoulder pre and post pressing.  Really helps.","Incline Bench Press (Dumbbell)",,"",2,"normal",50,10,,,
"May 6 chest","6 May 2026, 16:27","6 May 2026, 18:10","Using preacher curl to open up shoulder pre and post pressing.  Really helps.","Incline Bench Press (Dumbbell)",,"",3,"normal",60,6,,,
"May 6 chest","6 May 2026, 16:27","6 May 2026, 18:10","Using preacher curl to open up shoulder pre and post pressing.  Really helps.","Incline Bench Press (Dumbbell)",,"",4,"normal",70,6,,,
"May 6 chest","6 May 2026, 16:27","6 May 2026, 18:10","Using preacher curl to open up shoulder pre and post pressing.  Really helps.","Incline Bench Press (Dumbbell)",,"",5,"normal",75,6,,,
"May 6 chest","6 May 2026, 16:27","6 May 2026, 18:10","Using preacher curl to open up shoulder pre and post pressing.  Really helps.","Incline Bench Press (Dumbbell)",,"",6,"normal",75,6,,,
"May 6 chest","6 May 2026, 16:27","6 May 2026, 18:10","Using preacher curl to open up shoulder pre and post pressing.  Really helps.","Incline Bench Press (Dumbbell)",,"",7,"normal",75,6,,,
"May 6 chest","6 May 2026, 16:27","6 May 2026, 18:10","Using preacher curl to open up shoulder pre and post pressing.  Really helps.","Chest Press (Machine)",,"",0,"normal",85,15,,,
"May 6 chest","6 May 2026, 16:27","6 May 2026, 18:10","Using preacher curl to open up shoulder pre and post pressing.  Really helps.","Chest Press (Machine)",,"",1,"normal",85,15,,,
"May 6 chest","6 May 2026, 16:27","6 May 2026, 18:10","Using preacher curl to open up shoulder pre and post pressing.  Really helps.","Chest Press (Machine)",,"",2,"normal",85,15,,,
"May 6 chest","6 May 2026, 16:27","6 May 2026, 18:10","Using preacher curl to open up shoulder pre and post pressing.  Really helps.","Chest Fly (Machine)",,"",0,"normal",70,15,,,
"May 6 chest","6 May 2026, 16:27","6 May 2026, 18:10","Using preacher curl to open up shoulder pre and post pressing.  Really helps.","Chest Fly (Machine)",,"",1,"normal",70,22,,,
"May 6 chest","6 May 2026, 16:27","6 May 2026, 18:10","Using preacher curl to open up shoulder pre and post pressing.  Really helps.","Incline Push Ups",,"",0,"normal",,14,,,
"May 6 chest","6 May 2026, 16:27","6 May 2026, 18:10","Using preacher curl to open up shoulder pre and post pressing.  Really helps.","Incline Push Ups",,"",1,"normal",,22,,,
"May 6 chest","6 May 2026, 16:27","6 May 2026, 18:10","Using preacher curl to open up shoulder pre and post pressing.  Really helps.","Incline Push Ups",,"",2,"normal",,15,,,
"May 6 chest","6 May 2026, 16:27","6 May 2026, 18:10","Using preacher curl to open up shoulder pre and post pressing.  Really helps.","Preacher Curl (Machine)",,"Custom set up. Reverse hyper for shoulder.",0,"normal",12.5,6,,,
"May 6 chest","6 May 2026, 16:27","6 May 2026, 18:10","Using preacher curl to open up shoulder pre and post pressing.  Really helps.","Preacher Curl (Machine)",,"Custom set up. Reverse hyper for shoulder.",1,"normal",12.5,6,,,
"Lower 2","1 May 2026, 07:30","1 May 2026, 08:36","","Hack Squat (Machine)",,"",0,"warmup",,6,,,
"Lower 2","1 May 2026, 07:30","1 May 2026, 08:36","","Hack Squat (Machine)",,"",1,"warmup",,6,,,
"Lower 2","1 May 2026, 07:30","1 May 2026, 08:36","","Hack Squat (Machine)",,"",2,"normal",90,6,,,
"Lower 2","1 May 2026, 07:30","1 May 2026, 08:36","","Hack Squat (Machine)",,"",3,"normal",90,6,,,
"Lower 2","1 May 2026, 07:30","1 May 2026, 08:36","","Hack Squat (Machine)",,"",4,"normal",90,6,,,
"Lower 2","1 May 2026, 07:30","1 May 2026, 08:36","","Romanian Deadlift (Dumbbell)",,"",0,"warmup",40,10,,,
"Lower 2","1 May 2026, 07:30","1 May 2026, 08:36","","Deadlift (Barbell)",,"",0,"normal",135,15,,,
"Lower 2","1 May 2026, 07:30","1 May 2026, 08:36","","Deadlift (Barbell)",,"",1,"normal",135,15,,,
"Lower 2","1 May 2026, 07:30","1 May 2026, 08:36","","Bulgarian Split Squat (Dumbbell)",,"Just did the starting position today.",0,"normal",,8,,,
"Lower 2","1 May 2026, 07:30","1 May 2026, 08:36","","Cable Pull Through",,"",0,"normal",60,15,,,
"Lower 2","1 May 2026, 07:30","1 May 2026, 08:36","","Seated Leg Curl (Machine)",,"",0,"normal",135,18,,,
"Lower 2","1 May 2026, 07:30","1 May 2026, 08:36","","Seated Leg Curl (Machine)",,"",1,"normal",135,18,,,
"Lower 2","1 May 2026, 07:30","1 May 2026, 08:36","","Seated Calf Raise",,"",0,"normal",90,15,,,
"Lower 2","1 May 2026, 07:30","1 May 2026, 08:36","","Seated Calf Raise",,"",1,"normal",90,15,,,
"Lower 2","1 May 2026, 07:30","1 May 2026, 08:36","","Seated Calf Raise",,"",2,"normal",90,15,,,
"Lower 2","1 May 2026, 07:30","1 May 2026, 08:36","","Cable Twist (Down to up)",,"",0,"normal",10,10,,,
"Lower 2","1 May 2026, 07:30","1 May 2026, 08:36","","Cable Twist (Down to up)",,"",1,"normal",10,10,,,
"Afternoon workout 💪","26 Apr 2026, 16:55","26 Apr 2026, 18:45","","Seated Calf Raise",,"",0,"normal",45,19,,,
"Afternoon workout 💪","26 Apr 2026, 16:55","26 Apr 2026, 18:45","","Seated Calf Raise",,"",1,"normal",45,14,,,
"Afternoon workout 💪","26 Apr 2026, 16:55","26 Apr 2026, 18:45","","Seated Calf Raise",,"",2,"normal",45,12,,,
"Afternoon workout 💪","26 Apr 2026, 16:55","26 Apr 2026, 18:45","","Seated Calf Raise",,"",3,"normal",45,9,,,
"Afternoon workout 💪","26 Apr 2026, 16:55","26 Apr 2026, 18:45","","Preacher Curl (Machine)",,"",0,"normal",30,10,,,
"Afternoon workout 💪","26 Apr 2026, 16:55","26 Apr 2026, 18:45","","Preacher Curl (Machine)",,"",1,"normal",55,10,,,
"Afternoon workout 💪","26 Apr 2026, 16:55","26 Apr 2026, 18:45","","Preacher Curl (Machine)",,"",2,"normal",65,8,,,
"Afternoon workout 💪","26 Apr 2026, 16:55","26 Apr 2026, 18:45","","Preacher Curl (Machine)",,"",3,"normal",65,7,,,
"Afternoon workout 💪","26 Apr 2026, 16:55","26 Apr 2026, 18:45","","Preacher Curl (Machine)",,"",4,"normal",65,9,,,
"Afternoon workout 💪","26 Apr 2026, 16:55","26 Apr 2026, 18:45","","Preacher Curl (Dumbbell)",,"Record each arm",0,"normal",20,7,,,
"Afternoon workout 💪","26 Apr 2026, 16:55","26 Apr 2026, 18:45","","Preacher Curl (Dumbbell)",,"Record each arm",1,"normal",20,6,,,
"Afternoon workout 💪","26 Apr 2026, 16:55","26 Apr 2026, 18:45","","Preacher Curl (Dumbbell)",,"Record each arm",2,"normal",20,9,,,
"Afternoon workout 💪","26 Apr 2026, 16:55","26 Apr 2026, 18:45","","Preacher Curl (Dumbbell)",,"Record each arm",3,"normal",20,12,,,
"Afternoon workout 💪","26 Apr 2026, 16:55","26 Apr 2026, 18:45","","Preacher Curl (Dumbbell)",,"Record each arm",4,"normal",20,9,,,
"Afternoon workout 💪","26 Apr 2026, 16:55","26 Apr 2026, 18:45","","Preacher Curl (Dumbbell)",,"Record each arm",5,"normal",20,14,,,
"Afternoon workout 💪","26 Apr 2026, 16:55","26 Apr 2026, 18:45","","Seated Incline Curl (Dumbbell)",,"",0,"normal",20,10,,,
"Afternoon workout 💪","26 Apr 2026, 16:55","26 Apr 2026, 18:45","","Seated Incline Curl (Dumbbell)",,"",1,"normal",20,10,,,
"Afternoon workout 💪","26 Apr 2026, 16:55","26 Apr 2026, 18:45","","Seated Incline Curl (Dumbbell)",,"",2,"normal",20,10,,,
"Afternoon workout 💪","26 Apr 2026, 16:55","26 Apr 2026, 18:45","","Overhead Triceps Extension (Cable)",,"",0,"normal",44,10,,,
"Afternoon workout 💪","26 Apr 2026, 16:55","26 Apr 2026, 18:45","","Overhead Triceps Extension (Cable)",,"",1,"normal",55,10,,,
"Afternoon workout 💪","26 Apr 2026, 16:55","26 Apr 2026, 18:45","","Overhead Triceps Extension (Cable)",,"",2,"normal",66,9,,,
"Afternoon workout 💪","26 Apr 2026, 16:55","26 Apr 2026, 18:45","","Triceps Extension (Barbell)",,"To nose 95",0,"normal",45,15,,,
"Afternoon workout 💪","26 Apr 2026, 16:55","26 Apr 2026, 18:45","","Triceps Extension (Barbell)",,"To nose 95",1,"normal",95,10,,,
"Afternoon workout 💪","26 Apr 2026, 16:55","26 Apr 2026, 18:45","","Triceps Extension (Barbell)",,"To nose 95",2,"normal",95,10,,,
"Afternoon workout 💪","26 Apr 2026, 16:55","26 Apr 2026, 18:45","","Behind the Back Curl (Cable)",,"",0,"normal",10,10,,,
"Afternoon workout 💪","26 Apr 2026, 16:55","26 Apr 2026, 18:45","","Behind the Back Curl (Cable)",,"",1,"normal",10,10,,,
"Afternoon workout 💪","26 Apr 2026, 16:55","26 Apr 2026, 18:45","","Behind the Back Curl (Cable)",,"",2,"normal",10,10,,,
"Afternoon workout 💪","26 Apr 2026, 16:55","26 Apr 2026, 18:45","","Behind the Back Curl (Cable)",,"",3,"normal",10,10,,,
"Afternoon workout 💪","26 Apr 2026, 16:55","26 Apr 2026, 18:45","","Triceps Extension (Cable)",,"Cross body. Good for lockout.",0,"normal",15,20,,,
"Afternoon workout 💪","26 Apr 2026, 16:55","26 Apr 2026, 18:45","","Triceps Extension (Cable)",,"Cross body. Good for lockout.",1,"normal",15,20,,,
"Afternoon workout 💪","26 Apr 2026, 16:55","26 Apr 2026, 18:45","","Triceps Extension (Cable)",,"Cross body. Good for lockout.",2,"normal",22,10,,,
"Afternoon workout 💪","26 Apr 2026, 16:55","26 Apr 2026, 18:45","","Triceps Extension (Cable)",,"Cross body. Good for lockout.",3,"normal",22,10,,,
"Afternoon workout 💪","26 Apr 2026, 16:55","26 Apr 2026, 18:45","","Triceps Extension (Cable)",,"Cross body. Good for lockout.",4,"normal",27.5,10,,,
"Afternoon workout 💪","26 Apr 2026, 16:55","26 Apr 2026, 18:45","","Triceps Extension (Cable)",,"Cross body. Good for lockout.",5,"normal",27.5,10,,,
"Upper 2","24 Apr 2026, 17:45","24 Apr 2026, 19:29","","Incline Bench Press (Dumbbell)",,"",0,"warmup",30,8,,,
"Upper 2","24 Apr 2026, 17:45","24 Apr 2026, 19:29","","Incline Bench Press (Dumbbell)",,"",1,"warmup",40,8,,,
"Upper 2","24 Apr 2026, 17:45","24 Apr 2026, 19:29","","Incline Bench Press (Dumbbell)",,"",2,"normal",50,12,,,
"Upper 2","24 Apr 2026, 17:45","24 Apr 2026, 19:29","","Incline Bench Press (Dumbbell)",,"",3,"normal",60,12,,,
"Upper 2","24 Apr 2026, 17:45","24 Apr 2026, 19:29","","Incline Bench Press (Dumbbell)",,"",4,"normal",60,13,,,
"Upper 2","24 Apr 2026, 17:45","24 Apr 2026, 19:29","","Seated Row (Machine)",,"",0,"warmup",55,8,,,
"Upper 2","24 Apr 2026, 17:45","24 Apr 2026, 19:29","","Seated Row (Machine)",,"",1,"normal",100,12,,,
"Upper 2","24 Apr 2026, 17:45","24 Apr 2026, 19:29","","Seated Row (Machine)",,"",2,"normal",125,12,,,
"Upper 2","24 Apr 2026, 17:45","24 Apr 2026, 19:29","","Seated Row (Machine)",,"",3,"normal",125,16,,,
"Upper 2","24 Apr 2026, 17:45","24 Apr 2026, 19:29","","Overhead Press (Smith Machine)",,"Pain free overhead press",0,"normal",,8,,,
"Upper 2","24 Apr 2026, 17:45","24 Apr 2026, 19:29","","Overhead Press (Smith Machine)",,"Pain free overhead press",1,"normal",20,12,,,
"Upper 2","24 Apr 2026, 17:45","24 Apr 2026, 19:29","","Overhead Press (Smith Machine)",,"Pain free overhead press",2,"normal",40,10,,,
"Upper 2","24 Apr 2026, 17:45","24 Apr 2026, 19:29","","Overhead Press (Smith Machine)",,"Pain free overhead press",3,"normal",20,10,,,
"Upper 2","24 Apr 2026, 17:45","24 Apr 2026, 19:29","","Vogelpulls",,"",0,"normal",50,3,,,
"Upper 2","24 Apr 2026, 17:45","24 Apr 2026, 19:29","","Vogelpulls",,"",1,"normal",50,6,,,
"Upper 2","24 Apr 2026, 17:45","24 Apr 2026, 19:29","","Vogelpulls",,"",2,"normal",50,4,,,
"Upper 2","24 Apr 2026, 17:45","24 Apr 2026, 19:29","","Lateral Raise (Machine)",,"",0,"normal",20,8,,,
"Lower 1","23 Apr 2026, 11:05","23 Apr 2026, 12:39","","Hack Squat (Machine)",,"",0,"warmup",,8,,,
"Lower 1","23 Apr 2026, 11:05","23 Apr 2026, 12:39","","Hack Squat (Machine)",,"",1,"warmup",50,6,,,
"Lower 1","23 Apr 2026, 11:05","23 Apr 2026, 12:39","","Hack Squat (Machine)",,"",2,"normal",90,6,,,
"Lower 1","23 Apr 2026, 11:05","23 Apr 2026, 12:39","","Hack Squat (Machine)",,"",3,"normal",140,6,,,
"Lower 1","23 Apr 2026, 11:05","23 Apr 2026, 12:39","","Hack Squat (Machine)",,"",4,"normal",140,6,,,
"Lower 1","23 Apr 2026, 11:05","23 Apr 2026, 12:39","","Leg Press (Machine)",,"",0,"normal",90,15,,,
"Lower 1","23 Apr 2026, 11:05","23 Apr 2026, 12:39","","Leg Press (Machine)",,"",1,"normal",180,14,,,
"Lower 1","23 Apr 2026, 11:05","23 Apr 2026, 12:39","","Leg Press (Machine)",,"",2,"normal",270,10,,,
"Lower 1","23 Apr 2026, 11:05","23 Apr 2026, 12:39","","Romanian Deadlift (Barbell)",,"Very easy but theres something going on with my glute ham that i dont want to push too hard.",0,"warmup",135,4,,,
"Lower 1","23 Apr 2026, 11:05","23 Apr 2026, 12:39","","Romanian Deadlift (Barbell)",,"Very easy but theres something going on with my glute ham that i dont want to push too hard.",1,"normal",225,4,,,
"Lower 1","23 Apr 2026, 11:05","23 Apr 2026, 12:39","","Seated Calf Raise",,"My soleus is weak. Like really weak.",0,"normal",70,12,,,
"Lower 1","23 Apr 2026, 11:05","23 Apr 2026, 12:39","","Seated Calf Raise",,"My soleus is weak. Like really weak.",1,"normal",70,15,,,
"Lower 1","23 Apr 2026, 11:05","23 Apr 2026, 12:39","","Seated Calf Raise",,"My soleus is weak. Like really weak.",2,"normal",70,12,,,
"Upper 1","21 Apr 2026, 06:06","21 Apr 2026, 07:00","","Seated Row (Machine)",,"",0,"warmup",55,8,,,
"Upper 1","21 Apr 2026, 06:06","21 Apr 2026, 07:00","","Seated Row (Machine)",,"",1,"warmup",85,12,,,
"Upper 1","21 Apr 2026, 06:06","21 Apr 2026, 07:00","","Seated Row (Machine)",,"",2,"normal",115,20,,,
"Upper 1","21 Apr 2026, 06:06","21 Apr 2026, 07:00","","Seated Row (Machine)",,"",3,"normal",115,12,,,
"Upper 1","21 Apr 2026, 06:06","21 Apr 2026, 07:00","","Seated Row (Machine)",,"",4,"normal",145,10,,,
"Upper 1","21 Apr 2026, 06:06","21 Apr 2026, 07:00","","Shoulder Press (Dumbbell)",,"25 with full extension",0,"warmup",15,10,,,
"Upper 1","21 Apr 2026, 06:06","21 Apr 2026, 07:00","","Shoulder Press (Dumbbell)",,"25 with full extension",1,"normal",28,10,,,
"Upper 1","21 Apr 2026, 06:06","21 Apr 2026, 07:00","","Shoulder Press (Dumbbell)",,"25 with full extension",2,"normal",25,10,,,
"Upper 1","21 Apr 2026, 06:06","21 Apr 2026, 07:00","","Shoulder Press (Dumbbell)",,"25 with full extension",3,"normal",25,12,,,
"Upper 1","21 Apr 2026, 06:06","21 Apr 2026, 07:00","","Incline Bench Press (Barbell)",,"",0,"normal",45,12,,,
"Upper 1","21 Apr 2026, 06:06","21 Apr 2026, 07:00","","Bench Press (Barbell)",,"",0,"normal",45,12,,,
"Upper 1","21 Apr 2026, 06:06","21 Apr 2026, 07:00","","Bench Press (Barbell)",,"",1,"normal",95,22,,,
"Upper 1","21 Apr 2026, 06:06","21 Apr 2026, 07:00","","Bench Press (Barbell)",,"",2,"normal",135,15,,,
"Afternoon workout 💪","20 Apr 2026, 14:38","20 Apr 2026, 14:40","","Back Extension (Weighted Hyperextension)",,"",0,"normal",190,20,,,
"Afternoon workout 💪","20 Apr 2026, 14:38","20 Apr 2026, 14:40","","Back Extension (Weighted Hyperextension)",,"",1,"normal",190,20,,,
"Afternoon workout 💪","20 Apr 2026, 14:38","20 Apr 2026, 14:40","","Back Extension (Weighted Hyperextension)",,"",2,"normal",160,20,,,
"Morning workout ☀️","20 Apr 2026, 04:59","20 Apr 2026, 05:37","I have cardio adhd.  So I have to rotate or I get bored.","Treadmill",,"",0,"normal",,,,720,
"Morning workout ☀️","20 Apr 2026, 04:59","20 Apr 2026, 05:37","I have cardio adhd.  So I have to rotate or I get bored.","Walking",,"",0,"normal",,,,1020,
"Morning workout ☀️","20 Apr 2026, 04:59","20 Apr 2026, 05:37","I have cardio adhd.  So I have to rotate or I get bored.","Spinning",,"",0,"normal",,,,480,
"Lower 2","19 Apr 2026, 10:40","19 Apr 2026, 12:04","","Hack Squat (Machine)",,"",0,"warmup",,6,,,
"Lower 2","19 Apr 2026, 10:40","19 Apr 2026, 12:04","","Hack Squat (Machine)",,"",1,"warmup",50,6,,,
"Lower 2","19 Apr 2026, 10:40","19 Apr 2026, 12:04","","Hack Squat (Machine)",,"",2,"normal",90,6,,,
"Lower 2","19 Apr 2026, 10:40","19 Apr 2026, 12:04","","Hack Squat (Machine)",,"",3,"normal",90,6,,,
"Lower 2","19 Apr 2026, 10:40","19 Apr 2026, 12:04","","Hack Squat (Machine)",,"",4,"normal",110,6,,,
"Lower 2","19 Apr 2026, 10:40","19 Apr 2026, 12:04","","Back Extension (Weighted Hyperextension)",,"",0,"normal",190,20,,,
"Lower 2","19 Apr 2026, 10:40","19 Apr 2026, 12:04","","Back Extension (Weighted Hyperextension)",,"",1,"normal",190,20,,,
"Lower 2","19 Apr 2026, 10:40","19 Apr 2026, 12:04","","Back Extension (Weighted Hyperextension)",,"",2,"normal",160,20,,,
"Lower 2","19 Apr 2026, 10:40","19 Apr 2026, 12:04","","Back Extension (Weighted Hyperextension)",,"",0,"normal",,12,,,
"Lower 2","19 Apr 2026, 10:40","19 Apr 2026, 12:04","","Back Extension (Weighted Hyperextension)",,"",1,"normal",,12,,,
"Lower 2","19 Apr 2026, 10:40","19 Apr 2026, 12:04","","Deadlift (Barbell)",,"",0,"normal",135,20,,,
"Lower 2","19 Apr 2026, 10:40","19 Apr 2026, 12:04","","Deadlift (Barbell)",,"",1,"normal",135,20,,,
"Lower 2","19 Apr 2026, 10:40","19 Apr 2026, 12:04","","Leg Press (Machine)",,"",0,"normal",90,115,,,
"Lower 2","19 Apr 2026, 10:40","19 Apr 2026, 12:04","","Leg Press (Machine)",,"",1,"normal",180,15,,,
"Lower 2","19 Apr 2026, 10:40","19 Apr 2026, 12:04","","Leg Press (Machine)",,"",2,"normal",270,15,,,
"Lower 2","19 Apr 2026, 10:40","19 Apr 2026, 12:04","","Leg Press (Machine)",,"",3,"normal",270,12,,,
"Lower 2","19 Apr 2026, 10:40","19 Apr 2026, 12:04","","Glute Bridge",,"",0,"normal",,6,,,
"Lower 2","19 Apr 2026, 10:40","19 Apr 2026, 12:04","","Glute Bridge",,"",1,"normal",,6,,,
"Lower 2","19 Apr 2026, 10:40","19 Apr 2026, 12:04","","Glute Bridge",,"",2,"normal",,6,,,
"Lower 2","19 Apr 2026, 10:40","19 Apr 2026, 12:04","","Standing Calf Raise (Machine)",,"",0,"normal",90,10,,,
"Lower 2","19 Apr 2026, 10:40","19 Apr 2026, 12:04","","Standing Calf Raise (Machine)",,"",1,"normal",90,10,,,
"Lower 2","19 Apr 2026, 10:40","19 Apr 2026, 12:04","","Standing Calf Raise (Machine)",,"",2,"normal",90,10,,,
"Lower 2","19 Apr 2026, 10:40","19 Apr 2026, 12:04","","Sit Up",,"",0,"normal",,12,,,
"Lower 2","19 Apr 2026, 10:40","19 Apr 2026, 12:04","","Sit Up",,"",1,"normal",,12,,,
"Lower 2","19 Apr 2026, 10:40","19 Apr 2026, 12:04","","Sit Up",,"",2,"normal",,12,,,
"Lower 2","19 Apr 2026, 09:57","19 Apr 2026, 10:39","","Hack Squat (Machine)",,"",0,"warmup",,6,,,
"Lower 2","19 Apr 2026, 09:57","19 Apr 2026, 10:39","","Hack Squat (Machine)",,"",1,"warmup",50,6,,,
"Lower 2","19 Apr 2026, 09:57","19 Apr 2026, 10:39","","Hack Squat (Machine)",,"",2,"normal",90,6,,,
"Morning workout ☀️","17 Apr 2026, 18:01","17 Apr 2026, 19:31","","Triceps Pushdown",,"",0,"normal",20,20,,,
"Morning workout ☀️","17 Apr 2026, 18:01","17 Apr 2026, 19:31","","Triceps Pushdown",,"",1,"normal",30,12,,,
"Afternoon workout 💪","15 Apr 2026, 17:30","15 Apr 2026, 18:41","","Chest Press (Machine)",,"",0,"normal",,15,,,
"Afternoon workout 💪","15 Apr 2026, 17:30","15 Apr 2026, 18:41","","Chest Press (Machine)",,"",1,"normal",58,12,,,
"Afternoon workout 💪","15 Apr 2026, 17:30","15 Apr 2026, 18:41","","Chest Press (Machine)",,"",2,"normal",90,12,,,
"Afternoon workout 💪","15 Apr 2026, 17:30","15 Apr 2026, 18:41","","Chest Press (Machine)",,"",3,"normal",90,16,,,
"Afternoon workout 💪","15 Apr 2026, 17:30","15 Apr 2026, 18:41","","Iso-Lateral High Row (Machine)",,"Hold one arm while alternating other.",0,"normal",50,12,,,
"Afternoon workout 💪","15 Apr 2026, 17:30","15 Apr 2026, 18:41","","Iso-Lateral High Row (Machine)",,"Hold one arm while alternating other.",1,"normal",90,15,,,
"Afternoon workout 💪","15 Apr 2026, 17:30","15 Apr 2026, 18:41","","Iso-Lateral High Row (Machine)",,"Hold one arm while alternating other.",2,"normal",90,15,,,
"Afternoon workout 💪","15 Apr 2026, 17:30","15 Apr 2026, 18:41","","Iso-Lateral High Row (Machine)",,"Hold one arm while alternating other.",3,"normal",140,8,,,
"Afternoon workout 💪","15 Apr 2026, 17:30","15 Apr 2026, 18:41","","Chest Press (Machine)",,"Nope",0,"normal",90,10,,,
"Afternoon workout 💪","15 Apr 2026, 17:30","15 Apr 2026, 18:41","","Bench Press (Barbell)",,"",0,"normal",45,20,,,
"Afternoon workout 💪","15 Apr 2026, 17:30","15 Apr 2026, 18:41","","Bench Press (Barbell)",,"",1,"normal",95,12,,,
"Afternoon workout 💪","15 Apr 2026, 17:30","15 Apr 2026, 18:41","","Bench Press (Barbell)",,"",2,"normal",95,14,,,
"Afternoon workout 💪","15 Apr 2026, 17:30","15 Apr 2026, 18:41","","Bench Press (Barbell)",,"",3,"normal",95,12,,,
"Afternoon workout 💪","15 Apr 2026, 17:30","15 Apr 2026, 18:41","","Seated Cable Row - Bar Grip",,"",0,"normal",20,28,,,
"Afternoon workout 💪","15 Apr 2026, 17:30","15 Apr 2026, 18:41","","Seated Cable Row - Bar Grip",,"",1,"normal",35,15,,,
"Afternoon workout 💪","15 Apr 2026, 17:30","15 Apr 2026, 18:41","","Lat Pulldown (Cable)",,"Vogelpo atyle",0,"normal",20,20,,,
"Afternoon workout 💪","15 Apr 2026, 17:30","15 Apr 2026, 18:41","","Lat Pulldown (Cable)",,"Vogelpo atyle",1,"normal",35,20,,,
"Afternoon workout 💪","15 Apr 2026, 17:30","15 Apr 2026, 18:41","","Reverse Hyperextension",,"",0,"normal",20,20,,,
"Afternoon workout 💪","15 Apr 2026, 17:30","15 Apr 2026, 18:41","","Reverse Hyperextension",,"",1,"normal",20,20,,,
"Chest feb3 (copy)","15 Apr 2026, 12:12","15 Apr 2026, 12:13","","Chest Press (Machine)",,"",0,"normal",40,10,,,
"Chest feb3 (copy)","15 Apr 2026, 12:12","15 Apr 2026, 12:13","","Chest Press (Machine)",,"",1,"normal",80,12,,,
"Chest feb3 (copy)","15 Apr 2026, 12:12","15 Apr 2026, 12:13","","Chest Press (Machine)",,"",2,"normal",130,6,,,
"Chest feb3 (copy)","15 Apr 2026, 12:12","15 Apr 2026, 12:13","","Chest Press (Machine)",,"",3,"normal",150,6,,,
"Morning workout ☀️","15 Apr 2026, 11:35","15 Apr 2026, 12:11","","Seated Row (Machine)",,"Yes",0,"normal",55,40,,,
"Morning workout ☀️","15 Apr 2026, 11:35","15 Apr 2026, 12:11","","Seated Row (Machine)",,"Yes",1,"normal",100,14,,,
"Morning workout ☀️","15 Apr 2026, 11:35","15 Apr 2026, 12:11","","Farmers Walk",,"",0,"normal",100,,,120,
"Morning workout ☀️","15 Apr 2026, 11:35","15 Apr 2026, 12:11","","Farmers Walk",,"",1,"normal",,,,1441,
"Morning workout ☀️","15 Apr 2026, 11:35","15 Apr 2026, 12:11","","Rowing Machine",,"",0,"normal",,,2,600,
"Afternoon workout 💪","14 Apr 2026, 15:22","14 Apr 2026, 15:52","","Cycling",,"Just a ride around the beach. Hard to go to the gym when its so nice out.",0,"normal",,,,1800,
"Morning workout ☀️","14 Apr 2026, 05:52","14 Apr 2026, 06:12","","Rowing Machine",,"",0,"normal",,,2,600,
"Morning workout ☀️","14 Apr 2026, 05:52","14 Apr 2026, 06:12","","Cycling",,"",0,"normal",,,,600,
"Monday walk","13 Apr 2026, 07:14","13 Apr 2026, 07:39","","Treadmill",,"4.5 incline. Easy just getting it in.",0,"normal",,,,1500,
"Monday walk","13 Apr 2026, 07:14","13 Apr 2026, 07:39","","Seated Row (Machine)",,"",0,"normal",55,40,,,
"Upper 2","12 Apr 2026, 10:03","12 Apr 2026, 11:58","","Seated Row (Machine)",,"Serratus shrugs",0,"normal",55,12,,,
"Upper 2","12 Apr 2026, 10:03","12 Apr 2026, 11:58","","Incline Bench Press (Dumbbell)",,"",0,"warmup",30,8,,,
"Upper 2","12 Apr 2026, 10:03","12 Apr 2026, 11:58","","Incline Bench Press (Dumbbell)",,"",1,"warmup",45,8,,,
"Upper 2","12 Apr 2026, 10:03","12 Apr 2026, 11:58","","Incline Bench Press (Dumbbell)",,"",2,"normal",55,6,,,
"Upper 2","12 Apr 2026, 10:03","12 Apr 2026, 11:58","","Incline Bench Press (Dumbbell)",,"",3,"normal",65,12,,,
"Upper 2","12 Apr 2026, 10:03","12 Apr 2026, 11:58","","Incline Bench Press (Dumbbell)",,"",4,"normal",65,12,,,
"Upper 2","12 Apr 2026, 10:03","12 Apr 2026, 11:58","","Seated Row (Machine)",,"These are way harder with one arm.",0,"warmup",100,12,,,
"Upper 2","12 Apr 2026, 10:03","12 Apr 2026, 11:58","","Seated Row (Machine)",,"These are way harder with one arm.",1,"normal",100,12,,,
"Upper 2","12 Apr 2026, 10:03","12 Apr 2026, 11:58","","Seated Row (Machine)",,"These are way harder with one arm.",2,"normal",100,8,,,
"Upper 2","12 Apr 2026, 10:03","12 Apr 2026, 11:58","","Seated Row (Machine)",,"These are way harder with one arm.",3,"normal",85,6,,,
"Upper 2","12 Apr 2026, 10:03","12 Apr 2026, 11:58","","Seated Row (Machine)",,"These are way harder with one arm.",4,"normal",85,6,,,
"Upper 2","12 Apr 2026, 10:03","12 Apr 2026, 11:58","","Overhead Press (Smith Machine)",,"",0,"normal",,10,,,
"Upper 2","12 Apr 2026, 10:03","12 Apr 2026, 11:58","","Overhead Press (Smith Machine)",,"",1,"normal",,10,,,
"Upper 2","12 Apr 2026, 10:03","12 Apr 2026, 11:58","","Seated Shoulder Press (Machine)",,"Focus on squeezeing internal rotation. \nFull rom today. Big win.",0,"normal",20,6,,,
"Upper 2","12 Apr 2026, 10:03","12 Apr 2026, 11:58","","Seated Shoulder Press (Machine)",,"Focus on squeezeing internal rotation. \nFull rom today. Big win.",1,"normal",30,15,,,
"Upper 2","12 Apr 2026, 10:03","12 Apr 2026, 11:58","","Seated Shoulder Press (Machine)",,"Focus on squeezeing internal rotation. \nFull rom today. Big win.",2,"normal",30,15,,,
"Upper 2","12 Apr 2026, 10:03","12 Apr 2026, 11:58","","Pullover (Dumbbell)",,"Pretty shit. No pain tho.",0,"normal",10,8,,,
"Upper 2","12 Apr 2026, 10:03","12 Apr 2026, 11:58","","Pullover (Dumbbell)",,"Pretty shit. No pain tho.",1,"normal",10,15,,,
"Upper 2","12 Apr 2026, 10:03","12 Apr 2026, 11:58","","Kneeling Push Up",,"Want to develop humiility ? Do these in a public gym lol child pose in between.",0,"normal",,8,,,
"Upper 2","12 Apr 2026, 10:03","12 Apr 2026, 11:58","","Kneeling Push Up",,"Want to develop humiility ? Do these in a public gym lol child pose in between.",1,"normal",,8,,,
"Upper 2","12 Apr 2026, 10:03","12 Apr 2026, 11:58","","Bicep Curl (Barbell)",,"",0,"normal",45,12,,,
"Upper 2","12 Apr 2026, 10:03","12 Apr 2026, 11:58","","Bicep Curl (Barbell)",,"",1,"normal",45,15,,,
"Upper 2","12 Apr 2026, 10:03","12 Apr 2026, 11:58","","Bicep Curl (Barbell)",,"",2,"normal",45,12,,,
"Upper 2","12 Apr 2026, 10:03","12 Apr 2026, 11:58","","Triceps Pushdown",,"",0,"normal",50,15,,,
"Upper 2","12 Apr 2026, 10:03","12 Apr 2026, 11:58","","Triceps Pushdown",,"",1,"normal",50,15,,,
"Upper 2","12 Apr 2026, 10:03","12 Apr 2026, 11:58","","Treadmill",,"",0,"normal",,,,600,
"Afternoon workout 💪","6 Apr 2026, 16:15","6 Apr 2026, 17:42","","Hack Squat (Machine)",,"Come on hammy dont fail me now ! Nooe.",0,"warmup",,12,,,
"Afternoon workout 💪","6 Apr 2026, 16:15","6 Apr 2026, 17:42","","Leg Extension (Machine)",,"",0,"normal",40,25,,,
"Afternoon workout 💪","6 Apr 2026, 16:15","6 Apr 2026, 17:42","","Leg Extension (Machine)",,"",1,"normal",85,15,,,
"Afternoon workout 💪","6 Apr 2026, 16:15","6 Apr 2026, 17:42","","Leg Extension (Machine)",,"",2,"normal",85,16,,,
"Afternoon workout 💪","6 Apr 2026, 16:15","6 Apr 2026, 17:42","","Leg Extension (Machine)",,"",3,"normal",100,16,,,
"Afternoon workout 💪","6 Apr 2026, 16:15","6 Apr 2026, 17:42","","Seated Leg Curl (Machine)",,"Not causing pain. Switxhing to lying leg curls",0,"normal",55,16,,,
"Afternoon workout 💪","6 Apr 2026, 16:15","6 Apr 2026, 17:42","","Lying Leg Curl (Machine)",,"Second set switched to one leg",0,"normal",65,15,,,
"Afternoon workout 💪","6 Apr 2026, 16:15","6 Apr 2026, 17:42","","Lying Leg Curl (Machine)",,"Second set switched to one leg",1,"normal",30,10,,,
"Afternoon workout 💪","6 Apr 2026, 16:15","6 Apr 2026, 17:42","","Lying Leg Curl (Machine)",,"Second set switched to one leg",2,"normal",30,10,,,
"Afternoon workout 💪","6 Apr 2026, 16:15","6 Apr 2026, 17:42","","Lying Leg Curl (Machine)",,"Second set switched to one leg",3,"normal",20,7,,,
"Afternoon workout 💪","6 Apr 2026, 16:15","6 Apr 2026, 17:42","","Overhead Press (Smith Machine)",,"Pain free !!!!!",0,"normal",,20,,,
"Afternoon workout 💪","6 Apr 2026, 16:15","6 Apr 2026, 17:42","","Overhead Press (Smith Machine)",,"Pain free !!!!!",1,"normal",,20,,,
"Afternoon workout 💪","6 Apr 2026, 16:15","6 Apr 2026, 17:42","","Overhead Press (Smith Machine)",,"Pain free !!!!!",2,"normal",,20,,,
"Afternoon workout 💪","6 Apr 2026, 16:15","6 Apr 2026, 17:42","","Romanian Deadlift (Barbell)",,"Right glue and hamstring are weak as piss",0,"normal",45,6,,,
"Afternoon workout 💪","6 Apr 2026, 16:15","6 Apr 2026, 17:42","","Romanian Deadlift (Barbell)",,"Right glue and hamstring are weak as piss",1,"normal",45,6,,,
"Afternoon workout 💪","6 Apr 2026, 16:15","6 Apr 2026, 17:42","","Romanian Deadlift (Barbell)",,"Right glue and hamstring are weak as piss",2,"normal",45,8,,,
"Afternoon workout 💪","6 Apr 2026, 16:15","6 Apr 2026, 17:42","","Bench Press (Barbell)",,"Yellow band for constant tension",0,"normal",45,20,,,
"Afternoon workout 💪","6 Apr 2026, 16:15","6 Apr 2026, 17:42","","Bench Press (Barbell)",,"Yellow band for constant tension",1,"normal",45,20,,,
"Afternoon workout 💪","6 Apr 2026, 16:15","6 Apr 2026, 17:42","","Bench Press (Barbell)",,"Yellow band for constant tension",2,"normal",95,6,,,
"Afternoon workout 💪","6 Apr 2026, 16:15","6 Apr 2026, 17:42","","Incline Push Ups",0,"Pain free pump. Stop if it hurts. Not everything is supposed to hurt. Reminds me about that joke about the guy who went to see a protoclogist",0,"normal",,12,,,
"Afternoon workout 💪","6 Apr 2026, 16:15","6 Apr 2026, 17:42","","Crunch",0,"",0,"normal",,10,,,
"Afternoon workout 💪","6 Apr 2026, 16:15","6 Apr 2026, 17:42","","Crunch",0,"",1,"normal",,10,,,
"Arms bc hamstring still tight from yesterday.","4 Apr 2026, 11:56","4 Apr 2026, 13:25","","Cycling",,"",0,"normal",,,,300,
"Arms bc hamstring still tight from yesterday.","4 Apr 2026, 11:56","4 Apr 2026, 13:25","","Seated Calf Raise",,"",0,"warmup",35,15,,,
"Arms bc hamstring still tight from yesterday.","4 Apr 2026, 11:56","4 Apr 2026, 13:25","","Seated Calf Raise",,"",1,"warmup",35,15,,,
"Arms bc hamstring still tight from yesterday.","4 Apr 2026, 11:56","4 Apr 2026, 13:25","","Seated Calf Raise",,"",2,"normal",35,15,,,
"Arms bc hamstring still tight from yesterday.","4 Apr 2026, 11:56","4 Apr 2026, 13:25","","Preacher Curl (Machine)",0,"",0,"normal",30,12,,,
"Arms bc hamstring still tight from yesterday.","4 Apr 2026, 11:56","4 Apr 2026, 13:25","","Preacher Curl (Machine)",0,"",1,"normal",30,12,,,
"Arms bc hamstring still tight from yesterday.","4 Apr 2026, 11:56","4 Apr 2026, 13:25","","Preacher Curl (Machine)",0,"",2,"normal",40,12,,,
"Arms bc hamstring still tight from yesterday.","4 Apr 2026, 11:56","4 Apr 2026, 13:25","","Preacher Curl (Machine)",0,"",3,"normal",40,9,,,
"Arms bc hamstring still tight from yesterday.","4 Apr 2026, 11:56","4 Apr 2026, 13:25","","Preacher Curl (Machine)",0,"",4,"normal",50,6,,,
"Arms bc hamstring still tight from yesterday.","4 Apr 2026, 11:56","4 Apr 2026, 13:25","","Preacher Curl (Machine)",0,"",5,"normal",50,6,,,
"Arms bc hamstring still tight from yesterday.","4 Apr 2026, 11:56","4 Apr 2026, 13:25","","EZ Bar Biceps Curl",0,"",0,"normal",30,10,,,
"Arms bc hamstring still tight from yesterday.","4 Apr 2026, 11:56","4 Apr 2026, 13:25","","EZ Bar Biceps Curl",0,"",1,"normal",40,9,,,
"Arms bc hamstring still tight from yesterday.","4 Apr 2026, 11:56","4 Apr 2026, 13:25","","EZ Bar Biceps Curl",0,"",2,"normal",40,22,,,
"Arms bc hamstring still tight from yesterday.","4 Apr 2026, 11:56","4 Apr 2026, 13:25","","EZ Bar Biceps Curl",0,"",3,"normal",50,12,,,
"Arms bc hamstring still tight from yesterday.","4 Apr 2026, 11:56","4 Apr 2026, 13:25","","EZ Bar Biceps Curl",0,"",4,"normal",50,15,,,
"Arms bc hamstring still tight from yesterday.","4 Apr 2026, 11:56","4 Apr 2026, 13:25","","Seated Incline Curl (Dumbbell)",,"",0,"normal",25,12,,,
"Arms bc hamstring still tight from yesterday.","4 Apr 2026, 11:56","4 Apr 2026, 13:25","","Seated Incline Curl (Dumbbell)",,"",1,"normal",25,8,,,
"Arms bc hamstring still tight from yesterday.","4 Apr 2026, 11:56","4 Apr 2026, 13:25","","Seated Incline Curl (Dumbbell)",,"",2,"normal",25,9,,,
"Arms bc hamstring still tight from yesterday.","4 Apr 2026, 11:56","4 Apr 2026, 13:25","","Triceps Pushdown",,"",0,"normal",44,12,,,
"Arms bc hamstring still tight from yesterday.","4 Apr 2026, 11:56","4 Apr 2026, 13:25","","Triceps Pushdown",,"",1,"normal",55,15,,,
"Arms bc hamstring still tight from yesterday.","4 Apr 2026, 11:56","4 Apr 2026, 13:25","","Triceps Pushdown",,"",2,"normal",55,15,,,
"Arms bc hamstring still tight from yesterday.","4 Apr 2026, 11:56","4 Apr 2026, 13:25","","Overhead Triceps Extension (Cable)",,"",0,"normal",33,15,,,
"Arms bc hamstring still tight from yesterday.","4 Apr 2026, 11:56","4 Apr 2026, 13:25","","Overhead Triceps Extension (Cable)",,"",1,"normal",33,15,,,
"Arms bc hamstring still tight from yesterday.","4 Apr 2026, 11:56","4 Apr 2026, 13:25","","lying lateral raise",,"Doubled rom today. Stretch the lats. One arm convention track each arm independently",0,"normal",5,15,,,
"Arms bc hamstring still tight from yesterday.","4 Apr 2026, 11:56","4 Apr 2026, 13:25","","lying lateral raise",,"Doubled rom today. Stretch the lats. One arm convention track each arm independently",1,"normal",5,15,,,
"Arms bc hamstring still tight from yesterday.","4 Apr 2026, 11:56","4 Apr 2026, 13:25","","Rowing Machine",,"",0,"normal",,,,180,
"Idk 213","3 Apr 2026, 11:47","3 Apr 2026, 13:46","","Push Up (Weighted)",,"Not pounds. Height of incline",0,"normal",7,6,,,
"Idk 213","3 Apr 2026, 11:47","3 Apr 2026, 13:46","","Push Up (Weighted)",,"Not pounds. Height of incline",1,"normal",7,10,,,
"Idk 213","3 Apr 2026, 11:47","3 Apr 2026, 13:46","","Push Up (Weighted)",,"Not pounds. Height of incline",2,"normal",6,10,,,
"Idk 213","3 Apr 2026, 11:47","3 Apr 2026, 13:46","","Push Up (Weighted)",,"Not pounds. Height of incline",3,"normal",6,10,,,
"Idk 213","3 Apr 2026, 11:47","3 Apr 2026, 13:46","","Push Up (Weighted)",,"Not pounds. Height of incline",4,"normal",5,10,,,
"Idk 213","3 Apr 2026, 11:47","3 Apr 2026, 13:46","","Push Up (Weighted)",,"Not pounds. Height of incline",5,"normal",5,10,,,
"Idk 213","3 Apr 2026, 11:47","3 Apr 2026, 13:46","","Push Up (Weighted)",,"Not pounds. Height of incline",6,"normal",4,10,,,
"Idk 213","3 Apr 2026, 11:47","3 Apr 2026, 13:46","","Push Up (Weighted)",,"Not pounds. Height of incline",7,"normal",3,10,,,
"Idk 213","3 Apr 2026, 11:47","3 Apr 2026, 13:46","","Push Up (Weighted)",,"Not pounds. Height of incline",8,"normal",2,10,,,
"Idk 213","3 Apr 2026, 11:47","3 Apr 2026, 13:46","","Dumbbell Row",,"",0,"warmup",50,8,,,
"Idk 213","3 Apr 2026, 11:47","3 Apr 2026, 13:46","","Dumbbell Row",,"",1,"warmup",50,8,,,
"Idk 213","3 Apr 2026, 11:47","3 Apr 2026, 13:46","","Dumbbell Row",,"",2,"normal",50,8,,,
"Idk 213","3 Apr 2026, 11:47","3 Apr 2026, 13:46","","Dumbbell Row",,"",3,"normal",50,8,,,
"Idk 213","3 Apr 2026, 11:47","3 Apr 2026, 13:46","","Dumbbell Row",,"",4,"normal",50,8,,,
"Idk 213","3 Apr 2026, 11:47","3 Apr 2026, 13:46","","Dumbbell Row",,"",5,"normal",50,8,,,
"Idk 213","3 Apr 2026, 11:47","3 Apr 2026, 13:46","","Dumbbell Row",,"",6,"normal",50,8,,,
"Idk 213","3 Apr 2026, 11:47","3 Apr 2026, 13:46","","Back Extension (Hyperextension)",,"Seated calf was busy. Did these instead",0,"normal",,10,,,
"Idk 213","3 Apr 2026, 11:47","3 Apr 2026, 13:46","","Back Extension (Hyperextension)",,"Seated calf was busy. Did these instead",1,"normal",,10,,,
"Idk 213","3 Apr 2026, 11:47","3 Apr 2026, 13:46","","Back Extension (Hyperextension)",,"Seated calf was busy. Did these instead",2,"normal",,10,,,
"Lower 2","1 Apr 2026, 07:43","1 Apr 2026, 08:44","Been enjoying these 1 hour short abd sweet workouts that’s are maybe a 3-4 out of ten intensity but very good for helping my body to not hurt. Helps me start my day calm too !","Leg Press (Machine)",,"",0,"normal",90,15,,,
"Lower 2","1 Apr 2026, 07:43","1 Apr 2026, 08:44","Been enjoying these 1 hour short abd sweet workouts that’s are maybe a 3-4 out of ten intensity but very good for helping my body to not hurt. Helps me start my day calm too !","Leg Press (Machine)",,"",1,"normal",180,14,,,
"Lower 2","1 Apr 2026, 07:43","1 Apr 2026, 08:44","Been enjoying these 1 hour short abd sweet workouts that’s are maybe a 3-4 out of ten intensity but very good for helping my body to not hurt. Helps me start my day calm too !","Leg Press (Machine)",,"",2,"normal",270,8,,,
"Lower 2","1 Apr 2026, 07:43","1 Apr 2026, 08:44","Been enjoying these 1 hour short abd sweet workouts that’s are maybe a 3-4 out of ten intensity but very good for helping my body to not hurt. Helps me start my day calm too !","Leg Press (Machine)",,"",3,"normal",360,8,,,
"Lower 2","1 Apr 2026, 07:43","1 Apr 2026, 08:44","Been enjoying these 1 hour short abd sweet workouts that’s are maybe a 3-4 out of ten intensity but very good for helping my body to not hurt. Helps me start my day calm too !","Seated Cable Row - Bar Grip",,"",0,"normal",121,14,,,
"Lower 2","1 Apr 2026, 07:43","1 Apr 2026, 08:44","Been enjoying these 1 hour short abd sweet workouts that’s are maybe a 3-4 out of ten intensity but very good for helping my body to not hurt. Helps me start my day calm too !","Seated Cable Row - Bar Grip",,"",1,"normal",187,8,,,
"Lower 2","1 Apr 2026, 07:43","1 Apr 2026, 08:44","Been enjoying these 1 hour short abd sweet workouts that’s are maybe a 3-4 out of ten intensity but very good for helping my body to not hurt. Helps me start my day calm too !","Seated Cable Row - Bar Grip",,"",2,"normal",143,8,,,
"Lower 2","1 Apr 2026, 07:43","1 Apr 2026, 08:44","Been enjoying these 1 hour short abd sweet workouts that’s are maybe a 3-4 out of ten intensity but very good for helping my body to not hurt. Helps me start my day calm too !","Hack Squat (Machine)",,"",0,"warmup",,14,,,
"Lower 2","1 Apr 2026, 07:43","1 Apr 2026, 08:44","Been enjoying these 1 hour short abd sweet workouts that’s are maybe a 3-4 out of ten intensity but very good for helping my body to not hurt. Helps me start my day calm too !","Hack Squat (Machine)",,"",1,"warmup",,14,,,
"Lower 2","1 Apr 2026, 07:43","1 Apr 2026, 08:44","Been enjoying these 1 hour short abd sweet workouts that’s are maybe a 3-4 out of ten intensity but very good for helping my body to not hurt. Helps me start my day calm too !","Seated Leg Curl (Machine)",,"Single leg",0,"normal",40,9,,,
"Lower 2","1 Apr 2026, 07:43","1 Apr 2026, 08:44","Been enjoying these 1 hour short abd sweet workouts that’s are maybe a 3-4 out of ten intensity but very good for helping my body to not hurt. Helps me start my day calm too !","Seated Leg Curl (Machine)",,"Single leg",1,"normal",40,9,,,
"Lower 2","1 Apr 2026, 07:43","1 Apr 2026, 08:44","Been enjoying these 1 hour short abd sweet workouts that’s are maybe a 3-4 out of ten intensity but very good for helping my body to not hurt. Helps me start my day calm too !","Seated Leg Curl (Machine)",,"Single leg",2,"normal",55,8,,,
"Lower 2","1 Apr 2026, 07:43","1 Apr 2026, 08:44","Been enjoying these 1 hour short abd sweet workouts that’s are maybe a 3-4 out of ten intensity but very good for helping my body to not hurt. Helps me start my day calm too !","Seated Leg Curl (Machine)",,"Single leg",3,"normal",55,8,,,
"Afternoon workout 💪","30 Mar 2026, 17:15","30 Mar 2026, 18:47","","Seated Row (Machine)",,"Starting to train a bit harder.",0,"warmup",40,6,,,
"Afternoon workout 💪","30 Mar 2026, 17:15","30 Mar 2026, 18:47","","Seated Row (Machine)",,"Starting to train a bit harder.",1,"normal",70,12,,,
"Afternoon workout 💪","30 Mar 2026, 17:15","30 Mar 2026, 18:47","","Seated Row (Machine)",,"Starting to train a bit harder.",2,"normal",100,14,,,
"Afternoon workout 💪","30 Mar 2026, 17:15","30 Mar 2026, 18:47","","Seated Row (Machine)",,"Starting to train a bit harder.",3,"normal",115,15,,,
"Afternoon workout 💪","30 Mar 2026, 17:15","30 Mar 2026, 18:47","","Seated Row (Machine)",,"Starting to train a bit harder.",4,"normal",145,15,,,
"Afternoon workout 💪","30 Mar 2026, 17:15","30 Mar 2026, 18:47","","Seated Row (Machine)",,"Starting to train a bit harder.",5,"normal",180,12,,,
"Afternoon workout 💪","30 Mar 2026, 17:15","30 Mar 2026, 18:47","","Seated Row (Machine)",,"Starting to train a bit harder.",6,"normal",180,12,,,
"Afternoon workout 💪","30 Mar 2026, 17:15","30 Mar 2026, 18:47","","Lat Pulldown (Cable)",,"Close grip",0,"normal",143,10,,,
"Afternoon workout 💪","30 Mar 2026, 17:15","30 Mar 2026, 18:47","","Lat Pulldown (Cable)",,"Close grip",1,"normal",143,10,,,
"Afternoon workout 💪","30 Mar 2026, 17:15","30 Mar 2026, 18:47","","Lat Pulldown (Cable)",,"Close grip",2,"normal",187,8,,,
"Afternoon workout 💪","30 Mar 2026, 17:15","30 Mar 2026, 18:47","","Lat Pulldown (Cable)",,"Close grip",3,"normal",187,7,,,
"Afternoon workout 💪","30 Mar 2026, 17:15","30 Mar 2026, 18:47","","Lat Pulldown (Cable)",,"Close grip",4,"normal",187,5,,,
"Afternoon workout 💪","30 Mar 2026, 17:15","30 Mar 2026, 18:47","","Lat Pulldown (Cable)",,"Close grip",5,"normal",99,6,,,
"Afternoon workout 💪","30 Mar 2026, 17:15","30 Mar 2026, 18:47","","Triceps Pushdown",,"30 secodn rest",0,"normal",20,15,,,
"Afternoon workout 💪","30 Mar 2026, 17:15","30 Mar 2026, 18:47","","Triceps Pushdown",,"30 secodn rest",1,"normal",20,10,,,
"Afternoon workout 💪","30 Mar 2026, 17:15","30 Mar 2026, 18:47","","Triceps Pushdown",,"30 secodn rest",2,"normal",30,10,,,
"Afternoon workout 💪","30 Mar 2026, 17:15","30 Mar 2026, 18:47","","Triceps Pushdown",,"30 secodn rest",3,"normal",30,10,,,
"Afternoon workout 💪","30 Mar 2026, 17:15","30 Mar 2026, 18:47","","Triceps Pushdown",,"30 secodn rest",4,"normal",30,10,,,
"Afternoon workout 💪","30 Mar 2026, 17:15","30 Mar 2026, 18:47","","Triceps Pushdown",,"30 secodn rest",5,"normal",40,10,,,
"Afternoon workout 💪","30 Mar 2026, 17:15","30 Mar 2026, 18:47","","Triceps Pushdown",,"30 secodn rest",6,"normal",40,10,,,
"Afternoon workout 💪","30 Mar 2026, 17:15","30 Mar 2026, 18:47","","Hack Squat (Machine)",,"Just soijg so mobility for tokorrow  spell check #note",0,"warmup",,10,,,
"Afternoon workout 💪","30 Mar 2026, 17:15","30 Mar 2026, 18:47","","Hack Squat (Machine)",,"Just soijg so mobility for tokorrow  spell check #note",1,"warmup",,10,,,
"Afternoon workout 💪","30 Mar 2026, 17:15","30 Mar 2026, 18:47","","Hack Squat (Machine)",,"Just soijg so mobility for tokorrow  spell check #note",2,"normal",,10,,,
"Afternoon workout 💪","30 Mar 2026, 17:15","30 Mar 2026, 18:47","","Triceps Pushdown",,"",0,"normal",40,10,,,
"Afternoon workout 💪","30 Mar 2026, 17:15","30 Mar 2026, 18:47","","Triceps Pushdown",,"",1,"normal",50,10,,,
"Afternoon workout 💪","30 Mar 2026, 17:15","30 Mar 2026, 18:47","","Triceps Pushdown",,"",2,"normal",50,10,,,
"Afternoon workout 💪","30 Mar 2026, 17:15","30 Mar 2026, 18:47","","Triceps Pushdown",,"",3,"normal",50,10,,,
"Afternoon workout 💪","30 Mar 2026, 17:15","30 Mar 2026, 18:47","","Standing Calf Raise (Machine)",,"",0,"normal",100,10,,,
"Afternoon workout 💪","30 Mar 2026, 17:15","30 Mar 2026, 18:47","","Standing Calf Raise (Machine)",,"",1,"normal",150,10,,,
"Afternoon workout 💪","30 Mar 2026, 17:15","30 Mar 2026, 18:47","","Standing Calf Raise (Machine)",,"",2,"normal",180,10,,,
"Afternoon workout 💪","30 Mar 2026, 17:15","30 Mar 2026, 18:47","","Treadmill",,"",0,"normal",,,,540,
"Upper 2","29 Mar 2026, 17:14","29 Mar 2026, 18:50","","Incline Bench Press (Dumbbell)",,"",0,"warmup",20,12,,,
"Upper 2","29 Mar 2026, 17:14","29 Mar 2026, 18:50","","Incline Bench Press (Dumbbell)",,"",1,"warmup",30,12,,,
"Upper 2","29 Mar 2026, 17:14","29 Mar 2026, 18:50","","Incline Bench Press (Dumbbell)",,"",2,"normal",40,12,,,
"Upper 2","29 Mar 2026, 17:14","29 Mar 2026, 18:50","","Incline Bench Press (Dumbbell)",,"",3,"normal",45,12,,,
"Upper 2","29 Mar 2026, 17:14","29 Mar 2026, 18:50","","Incline Bench Press (Dumbbell)",,"",4,"normal",50,12,,,
"Upper 2","29 Mar 2026, 17:14","29 Mar 2026, 18:50","","Incline Bench Press (Dumbbell)",,"",5,"normal",55,12,,,
"Upper 2","29 Mar 2026, 17:14","29 Mar 2026, 18:50","","Incline Bench Press (Dumbbell)",,"",6,"normal",60,12,,,
"Upper 2","29 Mar 2026, 17:14","29 Mar 2026, 18:50","","Chest Supported Incline Row (Dumbbell)",,"",0,"warmup",20,12,,,
"Upper 2","29 Mar 2026, 17:14","29 Mar 2026, 18:50","","Chest Supported Incline Row (Dumbbell)",,"",1,"normal",20,14,,,
"Upper 2","29 Mar 2026, 17:14","29 Mar 2026, 18:50","","Chest Supported Incline Row (Dumbbell)",,"",2,"normal",30,12,,,
"Upper 2","29 Mar 2026, 17:14","29 Mar 2026, 18:50","","Chest Supported Incline Row (Dumbbell)",,"",3,"normal",30,12,,,
"Upper 2","29 Mar 2026, 17:14","29 Mar 2026, 18:50","","Chest Supported Incline Row (Dumbbell)",,"",4,"normal",30,12,,,
"Upper 2","29 Mar 2026, 17:14","29 Mar 2026, 18:50","","Squat (Bodyweight)",,"",0,"normal",,10,,,
"Upper 2","29 Mar 2026, 17:14","29 Mar 2026, 18:50","","Squat (Bodyweight)",,"",1,"normal",,10,,,
"Upper 2","29 Mar 2026, 17:14","29 Mar 2026, 18:50","","Squat (Bodyweight)",,"",2,"normal",,10,,,
"Upper 2","29 Mar 2026, 17:14","29 Mar 2026, 18:50","","one leg weighted press",,"",0,"normal",,12,,,
"Upper 2","29 Mar 2026, 17:14","29 Mar 2026, 18:50","","one leg weighted press",,"",1,"normal",20,12,,,
"Upper 2","29 Mar 2026, 17:14","29 Mar 2026, 18:50","","one leg weighted press",,"",2,"normal",20,11,,,
"Upper 2","29 Mar 2026, 17:14","29 Mar 2026, 18:50","","Romanian Deadlift (Dumbbell)",,"",0,"normal",50,15,,,
"Upper 2","29 Mar 2026, 17:14","29 Mar 2026, 18:50","","Romanian Deadlift (Dumbbell)",,"",1,"normal",75,16,,,
"Upper 2","29 Mar 2026, 17:14","29 Mar 2026, 18:50","","Romanian Deadlift (Dumbbell)",,"",2,"normal",70,9,,,
"Upper 2","29 Mar 2026, 17:14","29 Mar 2026, 18:50","","Seated Cable Row - Bar Grip",,"Wide grip",0,"normal",99,10,,,
"Upper 2","29 Mar 2026, 17:14","29 Mar 2026, 18:50","","Seated Cable Row - Bar Grip",,"Wide grip",1,"normal",124,16,,,
"Upper 2","29 Mar 2026, 17:14","29 Mar 2026, 18:50","","Seated Cable Row - Bar Grip",,"Wide grip",2,"normal",124,9,,,
"Upper 2","29 Mar 2026, 17:14","29 Mar 2026, 18:50","","Lateral Raise (Dumbbell)",,"Y",0,"normal",15,16,,,
"Upper 2","29 Mar 2026, 17:14","29 Mar 2026, 18:50","","Lateral Raise (Dumbbell)",,"Y",1,"normal",15,8,,,
"Upper 2","29 Mar 2026, 17:14","29 Mar 2026, 18:50","","Lateral Raise (Dumbbell)",,"Y",2,"normal",15,16,,,
"Upper 2","29 Mar 2026, 17:14","29 Mar 2026, 18:50","","Preacher Curl (Machine)",,"",0,"normal",40,15,,,
"Upper 2","29 Mar 2026, 17:14","29 Mar 2026, 18:50","","Preacher Curl (Machine)",,"",1,"normal",65,15,,,
"Upper 2","29 Mar 2026, 17:14","29 Mar 2026, 18:50","","Preacher Curl (Machine)",,"",2,"normal",80,15,,,
"Workout for Lijon","28 Mar 2026, 08:59","28 Mar 2026, 10:01","","Deadlift (Barbell)",,"",0,"normal",135,6,,,
"Workout for Lijon","28 Mar 2026, 08:59","28 Mar 2026, 10:01","","Deadlift (Barbell)",,"",1,"normal",225,6,,,
"Workout for Lijon","28 Mar 2026, 08:59","28 Mar 2026, 10:01","","Deadlift (Barbell)",,"",2,"normal",315,6,,,
"Workout for Lijon","28 Mar 2026, 08:59","28 Mar 2026, 10:01","","Overhead Press (Barbell)",,"",0,"normal",45,6,,,
"Workout for Lijon","28 Mar 2026, 08:59","28 Mar 2026, 10:01","","Overhead Press (Barbell)",,"",1,"normal",45,6,,,
"Workout for Lijon","28 Mar 2026, 08:59","28 Mar 2026, 10:01","","Overhead Press (Barbell)",,"",2,"normal",45,6,,,
"Workout for Lijon","28 Mar 2026, 08:59","28 Mar 2026, 10:01","","Lat Pulldown (Cable)",,"",0,"normal",120,12,,,
"Workout for Lijon","28 Mar 2026, 08:59","28 Mar 2026, 10:01","","Lat Pulldown (Cable)",,"",1,"normal",120,12,,,
"Workout for Lijon","28 Mar 2026, 08:59","28 Mar 2026, 10:01","","Lat Pulldown (Cable)",,"",2,"normal",120,12,,,
"Workout for Lijon","28 Mar 2026, 08:59","28 Mar 2026, 10:01","","Glute Bridge",,"",0,"normal",,6,,,
"Workout for Lijon","28 Mar 2026, 08:59","28 Mar 2026, 10:01","","Glute Bridge",,"",1,"normal",,6,,,
"Workout for Lijon","28 Mar 2026, 08:59","28 Mar 2026, 10:01","","Glute Bridge",,"",2,"normal",,6,,,
"Workout for Lijon","28 Mar 2026, 08:59","28 Mar 2026, 10:01","","Dead Bug",,"",0,"normal",,10,,,
"Workout for Lijon","28 Mar 2026, 08:59","28 Mar 2026, 10:01","","Dead Bug",,"",1,"normal",,10,,,
"Workout for Lijon","28 Mar 2026, 08:59","28 Mar 2026, 10:01","","Dead Bug",,"",2,"normal",,10,,,
"Workout for Lijon","28 Mar 2026, 08:59","28 Mar 2026, 10:01","","Push Up",,"",0,"normal",,20,,,
"Workout for Lijon","28 Mar 2026, 08:59","28 Mar 2026, 10:01","","Push Up",,"",1,"normal",,20,,,
"Workout for Lijon","28 Mar 2026, 08:59","28 Mar 2026, 10:01","","Push Up",,"",2,"normal",,28,,,
"Workout for Lijon","28 Mar 2026, 08:59","28 Mar 2026, 10:01","","Kettlebell Swing",,"",0,"normal",8,8,,,
"Workout for Lijon","28 Mar 2026, 08:59","28 Mar 2026, 10:01","","Kettlebell Swing",,"",1,"normal",8,8,,,
"Workout for Lijon","28 Mar 2026, 08:59","28 Mar 2026, 10:01","","Kettlebell Swing",,"",2,"normal",8,8,,,
"Morning workout ☀️","28 Mar 2026, 09:39","28 Mar 2026, 09:57","","Seated Leg Curl (Machine)",,"",0,"normal",40,10,,,
"Morning workout ☀️","28 Mar 2026, 09:39","28 Mar 2026, 09:57","","Seated Leg Curl (Machine)",,"",1,"normal",85,15,,,
"Morning workout ☀️","28 Mar 2026, 09:39","28 Mar 2026, 09:57","","Seated Leg Curl (Machine)",,"",2,"normal",115,12,,,
"Morning workout ☀️","28 Mar 2026, 09:39","28 Mar 2026, 09:57","","Romanian Deadlift (Dumbbell)",,"",0,"normal",35,12,,,
"Upper 1","27 Mar 2026, 17:42","27 Mar 2026, 18:43","","Bent Over Row (Barbell)",,"",0,"warmup",45,12,,,
"Upper 1","27 Mar 2026, 17:42","27 Mar 2026, 18:43","","Bent Over Row (Barbell)",,"",1,"warmup",135,12,,,
"Upper 1","27 Mar 2026, 17:42","27 Mar 2026, 18:43","","Bent Over Row (Barbell)",,"",2,"normal",135,12,,,
"Upper 1","27 Mar 2026, 17:42","27 Mar 2026, 18:43","","Bent Over Row (Barbell)",,"",3,"normal",135,12,,,
"Upper 1","27 Mar 2026, 17:42","27 Mar 2026, 18:43","","Bent Over Row (Barbell)",,"",4,"normal",135,10,,,
"Upper 1","27 Mar 2026, 17:42","27 Mar 2026, 18:43","","Triceps Extension (Cable)",,"",0,"normal",30,10,,,
"Upper 1","27 Mar 2026, 17:42","27 Mar 2026, 18:43","","Triceps Extension (Cable)",,"",1,"normal",30,10,,,
"Upper 1","27 Mar 2026, 17:42","27 Mar 2026, 18:43","","Triceps Extension (Cable)",,"",2,"normal",30,10,,,
"Upper 1","27 Mar 2026, 17:42","27 Mar 2026, 18:43","","Bench Press (Barbell)",,"135 for 12. Ok ive done 445 but idk this felt like anwin today. Marathon not a sprint.",0,"normal",45,15,,,
"Upper 1","27 Mar 2026, 17:42","27 Mar 2026, 18:43","","Bench Press (Barbell)",,"135 for 12. Ok ive done 445 but idk this felt like anwin today. Marathon not a sprint.",1,"normal",95,14,,,
"Upper 1","27 Mar 2026, 17:42","27 Mar 2026, 18:43","","Bench Press (Barbell)",,"135 for 12. Ok ive done 445 but idk this felt like anwin today. Marathon not a sprint.",2,"normal",135,12,,,
"Upper 1","27 Mar 2026, 17:42","27 Mar 2026, 18:43","","Bench Press (Barbell)",,"135 for 12. Ok ive done 445 but idk this felt like anwin today. Marathon not a sprint.",3,"normal",95,12,,,
"Upper 1","27 Mar 2026, 17:42","27 Mar 2026, 18:43","","Cable Fly Crossovers",,"Ropes",0,"normal",16.5,10,,,
"Upper 1","27 Mar 2026, 17:42","27 Mar 2026, 18:43","","Cable Fly Crossovers",,"Ropes",1,"normal",16.5,12,,,
"Upper 1","27 Mar 2026, 17:42","27 Mar 2026, 18:43","","Cable Fly Crossovers",,"Ropes",2,"normal",16.5,14,,,
"Upper 1","27 Mar 2026, 17:42","27 Mar 2026, 18:43","","Rear Delt Reverse Fly (Machine)",,"",0,"normal",10,10,,,
"Upper 1","27 Mar 2026, 17:42","27 Mar 2026, 18:43","","Rear Delt Reverse Fly (Machine)",,"",1,"normal",10,10,,,
"Upper 1","27 Mar 2026, 17:42","27 Mar 2026, 18:43","","Rear Delt Reverse Fly (Machine)",,"",2,"normal",10,10,,,
"Upper 1","27 Mar 2026, 17:42","27 Mar 2026, 18:43","","Bicep Curl (Dumbbell)",,"Two arm",0,"normal",35,12,,,
"Upper 1","27 Mar 2026, 17:42","27 Mar 2026, 18:43","","Bicep Curl (Dumbbell)",,"Two arm",1,"normal",65,12,,,
"Upper 1","27 Mar 2026, 17:42","27 Mar 2026, 18:43","","Bicep Curl (Dumbbell)",,"Two arm",2,"normal",65,12,,,
"Lower 2","26 Mar 2026, 16:55","26 Mar 2026, 17:40","","Seated Leg Curl (Machine)",,"",0,"normal",100,12,,,
"Lower 2","26 Mar 2026, 16:55","26 Mar 2026, 17:40","","Seated Leg Curl (Machine)",,"",1,"normal",100,15,,,
"Lower 2","26 Mar 2026, 16:55","26 Mar 2026, 17:40","","Seated Leg Curl (Machine)",,"",2,"normal",145,9,,,
"Lower 2","26 Mar 2026, 16:55","26 Mar 2026, 17:40","","Leg Extension (Machine)",,"",0,"normal",55,15,,,
"Lower 2","26 Mar 2026, 16:55","26 Mar 2026, 17:40","","Leg Extension (Machine)",,"",1,"normal",100,10,,,
"Lower 2","26 Mar 2026, 16:55","26 Mar 2026, 17:40","","Leg Extension (Machine)",,"",2,"normal",85,12,,,
"Lower 2","26 Mar 2026, 16:55","26 Mar 2026, 17:40","","Single Leg Press (Machine)",,"More range of motion today. Right leg is significantly stronger. It couldnt have been mich weaker.",0,"warmup",,12,,,
"Lower 2","26 Mar 2026, 16:55","26 Mar 2026, 17:40","","Single Leg Press (Machine)",,"More range of motion today. Right leg is significantly stronger. It couldnt have been mich weaker.",1,"warmup",,12,,,
"Lower 2","26 Mar 2026, 16:55","26 Mar 2026, 17:40","","Single Leg Press (Machine)",,"More range of motion today. Right leg is significantly stronger. It couldnt have been mich weaker.",2,"normal",,12,,,
"Upper 2","23 Mar 2026, 16:34","23 Mar 2026, 17:56","","Incline Bench Press (Dumbbell)",,"",0,"warmup",20,10,,,
"Upper 2","23 Mar 2026, 16:34","23 Mar 2026, 17:56","","Incline Bench Press (Dumbbell)",,"",1,"warmup",30,10,,,
"Upper 2","23 Mar 2026, 16:34","23 Mar 2026, 17:56","","Incline Bench Press (Dumbbell)",,"",2,"normal",40,10,,,
"Upper 2","23 Mar 2026, 16:34","23 Mar 2026, 17:56","","Incline Bench Press (Dumbbell)",,"",3,"normal",50,12,,,
"Upper 2","23 Mar 2026, 16:34","23 Mar 2026, 17:56","","Incline Bench Press (Dumbbell)",,"",4,"normal",55,12,,,
"Upper 2","23 Mar 2026, 16:34","23 Mar 2026, 17:56","","Incline Bench Press (Dumbbell)",,"",5,"normal",55,12,,,
"Upper 2","23 Mar 2026, 16:34","23 Mar 2026, 17:56","","Incline Bench Press (Dumbbell)",,"",6,"normal",55,14,,,
"Upper 2","23 Mar 2026, 16:34","23 Mar 2026, 17:56","","Seated Row (Machine)",,"Thsee were hard face pull style",0,"warmup",130,10,,,
"Upper 2","23 Mar 2026, 16:34","23 Mar 2026, 17:56","","Seated Row (Machine)",,"Thsee were hard face pull style",1,"normal",130,11,,,
"Upper 2","23 Mar 2026, 16:34","23 Mar 2026, 17:56","","Seated Row (Machine)",,"Thsee were hard face pull style",2,"normal",130,12,,,
"Upper 2","23 Mar 2026, 16:34","23 Mar 2026, 17:56","","Seated Row (Machine)",,"Thsee were hard face pull style",3,"normal",130,12,,,
"Upper 2","23 Mar 2026, 16:34","23 Mar 2026, 17:56","","Chest Dip (Assisted)",,"",0,"normal",110,6,,,
"Upper 2","23 Mar 2026, 16:34","23 Mar 2026, 17:56","","Chest Dip (Assisted)",,"",1,"normal",110,10,,,
"Upper 2","23 Mar 2026, 16:34","23 Mar 2026, 17:56","","Chest Dip (Assisted)",,"",2,"normal",110,12,,,
"Upper 2","23 Mar 2026, 16:34","23 Mar 2026, 17:56","","Lat Pulldown (Cable)",,"",0,"normal",120,10,,,
"Upper 2","23 Mar 2026, 16:34","23 Mar 2026, 17:56","","Lat Pulldown (Cable)",,"",1,"normal",120,10,,,
"Upper 2","23 Mar 2026, 16:34","23 Mar 2026, 17:56","","Lat Pulldown (Cable)",,"",2,"normal",120,10,,,
"Upper 2","23 Mar 2026, 16:34","23 Mar 2026, 17:56","","lying lateral raise",,"",0,"normal",10,10,,,
"Upper 2","23 Mar 2026, 16:34","23 Mar 2026, 17:56","","lying lateral raise",,"",1,"normal",15,10,,,
"Upper 2","23 Mar 2026, 16:34","23 Mar 2026, 17:56","","lying lateral raise",,"",2,"normal",15,12,,,
"Upper 2","23 Mar 2026, 16:34","23 Mar 2026, 17:56","","Seated Palms Up Wrist Curl",,"",0,"normal",20,10,,,
"Upper 2","23 Mar 2026, 16:34","23 Mar 2026, 17:56","","Seated Palms Up Wrist Curl",,"",1,"normal",28,10,,,
"Upper 2","23 Mar 2026, 16:34","23 Mar 2026, 17:56","","Seated Palms Up Wrist Curl",,"",2,"normal",20,10,,,
"Upper 2","23 Mar 2026, 16:34","23 Mar 2026, 17:56","","Cycling",,"",0,"normal",,,,600,
"Upper 2","23 Mar 2026, 16:34","23 Mar 2026, 17:56","","Cycling",,"",1,"normal",,,,360,
"Lower 1","21 Mar 2026, 13:53","21 Mar 2026, 15:02","Tough one. On the plus side able to squat full range of motion again. But right hamstring is really weak prob from compensating. So I spent twenty minutes doing single leg press  and then decided to call it. Should prob go for noodies","Leg Press (Machine)",,"",0,"normal",90,6,,,
"Lower 1","21 Mar 2026, 13:53","21 Mar 2026, 15:02","Tough one. On the plus side able to squat full range of motion again. But right hamstring is really weak prob from compensating. So I spent twenty minutes doing single leg press  and then decided to call it. Should prob go for noodies","Leg Press (Machine)",,"",1,"normal",180,8,,,
"Lower 1","21 Mar 2026, 13:53","21 Mar 2026, 15:02","Tough one. On the plus side able to squat full range of motion again. But right hamstring is really weak prob from compensating. So I spent twenty minutes doing single leg press  and then decided to call it. Should prob go for noodies","Leg Press (Machine)",,"",2,"normal",270,8,,,
"Lower 1","21 Mar 2026, 13:53","21 Mar 2026, 15:02","Tough one. On the plus side able to squat full range of motion again. But right hamstring is really weak prob from compensating. So I spent twenty minutes doing single leg press  and then decided to call it. Should prob go for noodies","Leg Press (Machine)",,"",3,"normal",270,10,,,
"Lower 1","21 Mar 2026, 13:53","21 Mar 2026, 15:02","Tough one. On the plus side able to squat full range of motion again. But right hamstring is really weak prob from compensating. So I spent twenty minutes doing single leg press  and then decided to call it. Should prob go for noodies","Leg Press (Machine)",,"",4,"normal",360,10,,,
"Lower 1","21 Mar 2026, 13:53","21 Mar 2026, 15:02","Tough one. On the plus side able to squat full range of motion again. But right hamstring is really weak prob from compensating. So I spent twenty minutes doing single leg press  and then decided to call it. Should prob go for noodies","Squat (Bodyweight)",,"",0,"warmup",,20,,,
"Lower 1","21 Mar 2026, 13:53","21 Mar 2026, 15:02","Tough one. On the plus side able to squat full range of motion again. But right hamstring is really weak prob from compensating. So I spent twenty minutes doing single leg press  and then decided to call it. Should prob go for noodies","Squat (Bodyweight)",,"",1,"warmup",,20,,,
"Lower 1","21 Mar 2026, 13:53","21 Mar 2026, 15:02","Tough one. On the plus side able to squat full range of motion again. But right hamstring is really weak prob from compensating. So I spent twenty minutes doing single leg press  and then decided to call it. Should prob go for noodies","Squat (Bodyweight)",,"",2,"normal",,20,,,
"Lower 1","21 Mar 2026, 13:53","21 Mar 2026, 15:02","Tough one. On the plus side able to squat full range of motion again. But right hamstring is really weak prob from compensating. So I spent twenty minutes doing single leg press  and then decided to call it. Should prob go for noodies","One Leg Leg Press",,"Pattial range right leg is weak",0,"normal",,8,,,
"Lower 1","21 Mar 2026, 13:53","21 Mar 2026, 15:02","Tough one. On the plus side able to squat full range of motion again. But right hamstring is really weak prob from compensating. So I spent twenty minutes doing single leg press  and then decided to call it. Should prob go for noodies","One Leg Leg Press",,"Pattial range right leg is weak",1,"normal",,8,,,
"Lower 1","21 Mar 2026, 13:53","21 Mar 2026, 15:02","Tough one. On the plus side able to squat full range of motion again. But right hamstring is really weak prob from compensating. So I spent twenty minutes doing single leg press  and then decided to call it. Should prob go for noodies","One Leg Leg Press",,"Pattial range right leg is weak",2,"normal",,8,,,
"Upper 1","18 Mar 2026, 17:18","18 Mar 2026, 18:28","","Dumbbell Row",,"Contralateral aka joe whatshis name or the other fella.",0,"warmup",30,8,,,
"Upper 1","18 Mar 2026, 17:18","18 Mar 2026, 18:28","","Dumbbell Row",,"Contralateral aka joe whatshis name or the other fella.",1,"warmup",50,8,,,
"Upper 1","18 Mar 2026, 17:18","18 Mar 2026, 18:28","","Dumbbell Row",,"Contralateral aka joe whatshis name or the other fella.",2,"normal",70,8,,,
"Upper 1","18 Mar 2026, 17:18","18 Mar 2026, 18:28","","Dumbbell Row",,"Contralateral aka joe whatshis name or the other fella.",3,"normal",70,8,,,
"Upper 1","18 Mar 2026, 17:18","18 Mar 2026, 18:28","","Dumbbell Row",,"Contralateral aka joe whatshis name or the other fella.",4,"normal",70,8,,,
"Upper 1","18 Mar 2026, 17:18","18 Mar 2026, 18:28","","Dumbbell Row",,"Contralateral aka joe whatshis name or the other fella.",5,"normal",70,8,,,
"Upper 1","18 Mar 2026, 17:18","18 Mar 2026, 18:28","","Dumbbell Row",,"Contralateral aka joe whatshis name or the other fella.",6,"normal",70,8,,,
"Upper 1","18 Mar 2026, 17:18","18 Mar 2026, 18:28","","Dumbbell Row",,"Contralateral aka joe whatshis name or the other fella.",7,"normal",70,8,,,
"Upper 1","18 Mar 2026, 17:18","18 Mar 2026, 18:28","","Shoulder Press (Dumbbell)",,"Now seated both arms at the same time.  \nNo pain and full extension with a hold. Its coming.  Did the 25 one arm ar a time. Practice practice practice.",0,"warmup",15,8,,,
"Upper 1","18 Mar 2026, 17:18","18 Mar 2026, 18:28","","Shoulder Press (Dumbbell)",,"Now seated both arms at the same time.  \nNo pain and full extension with a hold. Its coming.  Did the 25 one arm ar a time. Practice practice practice.",1,"normal",20,8,,,
"Upper 1","18 Mar 2026, 17:18","18 Mar 2026, 18:28","","Shoulder Press (Dumbbell)",,"Now seated both arms at the same time.  \nNo pain and full extension with a hold. Its coming.  Did the 25 one arm ar a time. Practice practice practice.",2,"normal",25,6,,,
"Upper 1","18 Mar 2026, 17:18","18 Mar 2026, 18:28","","Shoulder Press (Dumbbell)",,"Now seated both arms at the same time.  \nNo pain and full extension with a hold. Its coming.  Did the 25 one arm ar a time. Practice practice practice.",3,"normal",25,12,,,
"Upper 1","18 Mar 2026, 17:18","18 Mar 2026, 18:28","","Bench Press (Barbell)",,"95 pain free.  Be nice if you could see thsse notes hisorically. 95 for 12. Thank you hevy!!!!!",0,"normal",45,10,,,
"Upper 1","18 Mar 2026, 17:18","18 Mar 2026, 18:28","","Bench Press (Barbell)",,"95 pain free.  Be nice if you could see thsse notes hisorically. 95 for 12. Thank you hevy!!!!!",1,"normal",95,8,,,
"Upper 1","18 Mar 2026, 17:18","18 Mar 2026, 18:28","","Bench Press (Barbell)",,"95 pain free.  Be nice if you could see thsse notes hisorically. 95 for 12. Thank you hevy!!!!!",2,"normal",95,12,,,
"Upper 1","18 Mar 2026, 17:18","18 Mar 2026, 18:28","","Chest Fly (Machine)",,"",0,"normal",17.5,12,,,
"Upper 1","18 Mar 2026, 17:18","18 Mar 2026, 18:28","","Chest Fly (Machine)",,"",1,"normal",17.5,15,,,
"Upper 1","18 Mar 2026, 17:18","18 Mar 2026, 18:28","","Chest Fly (Machine)",,"",2,"normal",17.5,12,,,
"Upper 1","18 Mar 2026, 17:18","18 Mar 2026, 18:28","","Bicep Curl (Dumbbell)",,"",0,"normal",25,8,,,
"Upper 1","18 Mar 2026, 17:18","18 Mar 2026, 18:28","","Bicep Curl (Dumbbell)",,"",1,"normal",25,12,,,
"Upper 1","18 Mar 2026, 17:18","18 Mar 2026, 18:28","","Bicep Curl (Dumbbell)",,"",2,"normal",25,12,,,
"Lower 2","16 Mar 2026, 16:21","16 Mar 2026, 17:27","","Hack Squat (Machine)",,"",0,"warmup",,8,,,
"Lower 2","16 Mar 2026, 16:21","16 Mar 2026, 17:27","","Hack Squat (Machine)",,"",1,"warmup",90,8,,,
"Lower 2","16 Mar 2026, 16:21","16 Mar 2026, 17:27","","Hack Squat (Machine)",,"",2,"normal",180,8,,,
"Lower 2","16 Mar 2026, 16:21","16 Mar 2026, 17:27","","Hack Squat (Machine)",,"",3,"normal",180,8,,,
"Lower 2","16 Mar 2026, 16:21","16 Mar 2026, 17:27","","Hack Squat (Machine)",,"",4,"normal",180,8,,,
"Lower 2","16 Mar 2026, 16:21","16 Mar 2026, 17:27","","Back Extension (Weighted Hyperextension)",,"",0,"warmup",,12,,,
"Lower 2","16 Mar 2026, 16:21","16 Mar 2026, 17:27","","Back Extension (Weighted Hyperextension)",,"",1,"warmup",,12,,,
"Lower 2","16 Mar 2026, 16:21","16 Mar 2026, 17:27","","Back Extension (Weighted Hyperextension)",,"",2,"normal",10,8,,,
"Lower 2","16 Mar 2026, 16:21","16 Mar 2026, 17:27","","Back Extension (Weighted Hyperextension)",,"",3,"normal",10,12,,,
"Lower 2","16 Mar 2026, 16:21","16 Mar 2026, 17:27","","Leg Press Horizontal (Machine)",,"",0,"normal",130,12,,,
"Lower 2","16 Mar 2026, 16:21","16 Mar 2026, 17:27","","Leg Press Horizontal (Machine)",,"",1,"normal",210,12,,,
"Lower 2","16 Mar 2026, 16:21","16 Mar 2026, 17:27","","Leg Press Horizontal (Machine)",,"",2,"normal",210,7,,,
"Lower 2","16 Mar 2026, 16:21","16 Mar 2026, 17:27","","Seated Leg Curl (Machine)",,"",0,"normal",115,15,,,
"Lower 2","16 Mar 2026, 16:21","16 Mar 2026, 17:27","","Seated Leg Curl (Machine)",,"",1,"normal",175,7,,,
"Lower 2","16 Mar 2026, 16:21","16 Mar 2026, 17:27","","Seated Leg Curl (Machine)",,"",2,"normal",145,9,,,
"Lower 2","16 Mar 2026, 16:21","16 Mar 2026, 17:27","","Standing Calf Raise (Machine)",,"",0,"normal",145,10,,,
"Lower 2","16 Mar 2026, 16:21","16 Mar 2026, 17:27","","Standing Calf Raise (Machine)",,"",1,"normal",145,10,,,
"Lower 2","16 Mar 2026, 16:21","16 Mar 2026, 17:27","","Standing Calf Raise (Machine)",,"",2,"normal",145,10,,,
"Lower 2","16 Mar 2026, 16:21","16 Mar 2026, 17:27","","Decline Crunch (Weighted)",,"",0,"normal",,10,,,
"Lower 2","16 Mar 2026, 16:21","16 Mar 2026, 17:27","","Decline Crunch (Weighted)",,"",1,"normal",,10,,,
"Lower 2","16 Mar 2026, 16:21","16 Mar 2026, 17:27","","Decline Crunch (Weighted)",,"",2,"normal",,10,,,
"Upper 2","14 Mar 2026, 17:20","14 Mar 2026, 18:58","Good. Very light. Shoulder is happy.","Incline Bench Press (Dumbbell)",,"",0,"warmup",40,10,,,
"Upper 2","14 Mar 2026, 17:20","14 Mar 2026, 18:58","Good. Very light. Shoulder is happy.","Incline Bench Press (Dumbbell)",,"",1,"warmup",50,12,,,
"Upper 2","14 Mar 2026, 17:20","14 Mar 2026, 18:58","Good. Very light. Shoulder is happy.","Incline Bench Press (Dumbbell)",,"",2,"normal",55,12,,,
"Upper 2","14 Mar 2026, 17:20","14 Mar 2026, 18:58","Good. Very light. Shoulder is happy.","Incline Bench Press (Dumbbell)",,"",3,"normal",55,12,,,
"Upper 2","14 Mar 2026, 17:20","14 Mar 2026, 18:58","Good. Very light. Shoulder is happy.","Incline Bench Press (Dumbbell)",,"",4,"normal",55,12,,,
"Upper 2","14 Mar 2026, 17:20","14 Mar 2026, 18:58","Good. Very light. Shoulder is happy.","Incline Bench Press (Dumbbell)",,"",5,"normal",55,8,,,
"Upper 2","14 Mar 2026, 17:20","14 Mar 2026, 18:58","Good. Very light. Shoulder is happy.","Dumbbell Row",,"",0,"warmup",50,8,,,
"Upper 2","14 Mar 2026, 17:20","14 Mar 2026, 18:58","Good. Very light. Shoulder is happy.","Dumbbell Row",,"",1,"normal",50,10,,,
"Upper 2","14 Mar 2026, 17:20","14 Mar 2026, 18:58","Good. Very light. Shoulder is happy.","Dumbbell Row",,"",2,"normal",50,12,,,
"Upper 2","14 Mar 2026, 17:20","14 Mar 2026, 18:58","Good. Very light. Shoulder is happy.","Dumbbell Row",,"",3,"normal",50,8,,,
"Upper 2","14 Mar 2026, 17:20","14 Mar 2026, 18:58","Good. Very light. Shoulder is happy.","Single Arm Landmine Press (Barbell)",,"And band work. Front delt is a bit tired. These are a great way to oractice mechainca. If you keep theelbow under the line of push the shoulder oain diapears.",0,"normal",45,12,,,
"Upper 2","14 Mar 2026, 17:20","14 Mar 2026, 18:58","Good. Very light. Shoulder is happy.","Single Arm Landmine Press (Barbell)",,"And band work. Front delt is a bit tired. These are a great way to oractice mechainca. If you keep theelbow under the line of push the shoulder oain diapears.",1,"normal",45,12,,,
"Upper 2","14 Mar 2026, 17:20","14 Mar 2026, 18:58","Good. Very light. Shoulder is happy.","Single Arm Landmine Press (Barbell)",,"And band work. Front delt is a bit tired. These are a great way to oractice mechainca. If you keep theelbow under the line of push the shoulder oain diapears.",2,"normal",45,12,,,
"Upper 2","14 Mar 2026, 17:20","14 Mar 2026, 18:58","Good. Very light. Shoulder is happy.","Single Arm Cable Row",,"Chin up grip. Holy hard.",0,"normal",32.5,12,,,
"Upper 2","14 Mar 2026, 17:20","14 Mar 2026, 18:58","Good. Very light. Shoulder is happy.","Single Arm Cable Row",,"Chin up grip. Holy hard.",1,"normal",32.5,12,,,
"Upper 2","14 Mar 2026, 17:20","14 Mar 2026, 18:58","Good. Very light. Shoulder is happy.","Single Arm Cable Row",,"Chin up grip. Holy hard.",2,"normal",32.5,12,,,
"Upper 2","14 Mar 2026, 17:20","14 Mar 2026, 18:58","Good. Very light. Shoulder is happy.","Rear Delt Reverse Fly (Machine)",,"",0,"normal",40,12,,,
"Upper 2","14 Mar 2026, 17:20","14 Mar 2026, 18:58","Good. Very light. Shoulder is happy.","Rear Delt Reverse Fly (Machine)",,"",1,"normal",40,12,,,
"Upper 2","14 Mar 2026, 17:20","14 Mar 2026, 18:58","Good. Very light. Shoulder is happy.","Rear Delt Reverse Fly (Machine)",,"",2,"normal",40,12,,,
"Upper 2","14 Mar 2026, 17:20","14 Mar 2026, 18:58","Good. Very light. Shoulder is happy.","Seated Palms Up Wrist Curl",,"Actually one arm preacher curl and ez curl shoer set. Which im too lazy to write down.",0,"normal",35,8,,,
"Upper 2","14 Mar 2026, 17:20","14 Mar 2026, 18:58","Good. Very light. Shoulder is happy.","Seated Palms Up Wrist Curl",,"Actually one arm preacher curl and ez curl shoer set. Which im too lazy to write down.",1,"normal",35,8,,,
"Upper 2","14 Mar 2026, 17:20","14 Mar 2026, 18:58","Good. Very light. Shoulder is happy.","Seated Palms Up Wrist Curl",,"Actually one arm preacher curl and ez curl shoer set. Which im too lazy to write down.",2,"normal",35,8,,,
"Upper 2","14 Mar 2026, 17:20","14 Mar 2026, 18:58","Good. Very light. Shoulder is happy.","Triceps Extension (Cable)",,"",0,"normal",25,12,,,
"Upper 2","14 Mar 2026, 17:20","14 Mar 2026, 18:58","Good. Very light. Shoulder is happy.","Triceps Extension (Cable)",,"",1,"normal",25,12,,,
"Upper 2","14 Mar 2026, 17:20","14 Mar 2026, 18:58","Good. Very light. Shoulder is happy.","Triceps Extension (Cable)",,"",2,"normal",25,12,,,
"Upper 2","14 Mar 2026, 17:20","14 Mar 2026, 18:58","Good. Very light. Shoulder is happy.","Triceps Extension (Cable)",,"",3,"normal",25,12,,,
"Upper 2","14 Mar 2026, 17:20","14 Mar 2026, 18:58","Good. Very light. Shoulder is happy.","Triceps Extension (Cable)",,"",4,"normal",25,12,,,
"Upper 2","14 Mar 2026, 17:20","14 Mar 2026, 18:58","Good. Very light. Shoulder is happy.","Triceps Extension (Cable)",,"",5,"normal",25,12,,,
"Upper 2","14 Mar 2026, 17:20","14 Mar 2026, 18:58","Good. Very light. Shoulder is happy.","EZ Bar Biceps Curl",,"",0,"normal",50,8,,,
"Upper 2","14 Mar 2026, 17:20","14 Mar 2026, 18:58","Good. Very light. Shoulder is happy.","EZ Bar Biceps Curl",,"",1,"normal",50,9,,,
"Upper 2","14 Mar 2026, 17:20","14 Mar 2026, 18:58","Good. Very light. Shoulder is happy.","EZ Bar Biceps Curl",,"",2,"normal",50,8,,,
"Lower 1","12 Mar 2026, 17:21","12 Mar 2026, 18:20","","Squat (Machine)",,"",0,"warmup",,12,,,
"Lower 1","12 Mar 2026, 17:21","12 Mar 2026, 18:20","","Squat (Machine)",,"",1,"warmup",50,12,,,
"Lower 1","12 Mar 2026, 17:21","12 Mar 2026, 18:20","","Squat (Machine)",,"",2,"normal",90,10,,,
"Lower 1","12 Mar 2026, 17:21","12 Mar 2026, 18:20","","Squat (Machine)",,"",3,"normal",140,8,,,
"Lower 1","12 Mar 2026, 17:21","12 Mar 2026, 18:20","","Squat (Machine)",,"",4,"normal",90,14,,,
"Lower 1","12 Mar 2026, 17:21","12 Mar 2026, 18:20","","Leg Press (Machine)",,"",0,"normal",225,20,,,
"Lower 1","12 Mar 2026, 17:21","12 Mar 2026, 18:20","","Leg Press (Machine)",,"",1,"normal",315,20,,,
"Lower 1","12 Mar 2026, 17:21","12 Mar 2026, 18:20","","Leg Press (Machine)",,"",2,"normal",402,12,,,
"Lower 1","12 Mar 2026, 17:21","12 Mar 2026, 18:20","","Romanian Deadlift (Barbell)",,"",0,"normal",135,12,,,
"Lower 1","12 Mar 2026, 17:21","12 Mar 2026, 18:20","","Romanian Deadlift (Barbell)",,"",1,"normal",185,12,,,
"Lower 1","12 Mar 2026, 17:21","12 Mar 2026, 18:20","","Romanian Deadlift (Barbell)",,"",2,"normal",135,12,,,
"Lower 1","12 Mar 2026, 17:21","12 Mar 2026, 18:20","","Seated Calf Raise",,"",0,"normal",45,15,,,
"Lower 1","12 Mar 2026, 17:21","12 Mar 2026, 18:20","","Seated Calf Raise",,"",1,"normal",45,15,,,
"Lower 1","12 Mar 2026, 17:21","12 Mar 2026, 18:20","","Seated Calf Raise",,"",2,"normal",45,15,,,
"Lower 1","12 Mar 2026, 17:21","12 Mar 2026, 18:20","","Crunch (Machine)",,"",0,"normal",30,10,,,
"Lower 1","12 Mar 2026, 17:21","12 Mar 2026, 18:20","","Crunch (Machine)",,"",1,"normal",50,10,,,
"Lower 1","12 Mar 2026, 17:21","12 Mar 2026, 18:20","","Crunch (Machine)",,"",2,"normal",50,10,,,
"Lower 1","12 Mar 2026, 17:21","12 Mar 2026, 18:20","","Decline Crunch",,"",0,"normal",,10,,,
"Lower 1","12 Mar 2026, 17:21","12 Mar 2026, 18:20","","Decline Crunch",,"",1,"normal",,10,,,
"Lower 1","12 Mar 2026, 17:21","12 Mar 2026, 18:20","","Decline Crunch",,"",2,"normal",,8,,,
"Upper 1","9 Mar 2026, 17:26","9 Mar 2026, 20:02","","Meadows Rows (Barbell)",,"",0,"warmup",70,12,,,
"Upper 1","9 Mar 2026, 17:26","9 Mar 2026, 20:02","","Meadows Rows (Barbell)",,"",1,"warmup",95,10,,,
"Upper 1","9 Mar 2026, 17:26","9 Mar 2026, 20:02","","Meadows Rows (Barbell)",,"",2,"normal",95,9,,,
"Upper 1","9 Mar 2026, 17:26","9 Mar 2026, 20:02","","Meadows Rows (Barbell)",,"",3,"normal",95,6,,,
"Upper 1","9 Mar 2026, 17:26","9 Mar 2026, 20:02","","Single Arm Landmine Press (Barbell)",,"W a band.",0,"warmup",45,12,,,
"Upper 1","9 Mar 2026, 17:26","9 Mar 2026, 20:02","","Single Arm Landmine Press (Barbell)",,"W a band.",1,"normal",50,12,,,
"Upper 1","9 Mar 2026, 17:26","9 Mar 2026, 20:02","","Single Arm Landmine Press (Barbell)",,"W a band.",2,"normal",60,12,,,
"Upper 1","9 Mar 2026, 17:26","9 Mar 2026, 20:02","","Single Arm Landmine Press (Barbell)",,"W a band.",3,"normal",60,8,,,
"Upper 1","9 Mar 2026, 17:26","9 Mar 2026, 20:02","","Bench Press (Barbell)",,"Will i hit a pla",0,"normal",45,20,,,
"Upper 1","9 Mar 2026, 17:26","9 Mar 2026, 20:02","","Bench Press (Barbell)",,"Will i hit a pla",1,"normal",65,15,,,
"Upper 1","9 Mar 2026, 17:26","9 Mar 2026, 20:02","","Bench Press (Barbell)",,"Will i hit a pla",2,"normal",65,15,,,
"Upper 1","9 Mar 2026, 17:26","9 Mar 2026, 20:02","","Chest Fly (Machine)",,"",0,"normal",55,15,,,
"Upper 1","9 Mar 2026, 17:26","9 Mar 2026, 20:02","","Chest Fly (Machine)",,"",1,"normal",55,15,,,
"Lower 2","8 Mar 2026, 16:55","8 Mar 2026, 18:08","","Leg Press (Machine)",,"",0,"normal",,20,,,
"Lower 2","8 Mar 2026, 16:55","8 Mar 2026, 18:08","","Leg Press (Machine)",,"",1,"normal",90,16,,,
"Lower 2","8 Mar 2026, 16:55","8 Mar 2026, 18:08","","Leg Press (Machine)",,"",2,"normal",180,13,,,
"Lower 2","8 Mar 2026, 16:55","8 Mar 2026, 18:08","","Leg Press (Machine)",,"",3,"normal",270,12,,,
"Lower 2","8 Mar 2026, 16:55","8 Mar 2026, 18:08","","Leg Press (Machine)",,"",4,"normal",270,8,,,
"Lower 2","8 Mar 2026, 16:55","8 Mar 2026, 18:08","","Hack Squat (Machine)",,"Speed akater reps.",0,"warmup",,15,,,
"Lower 2","8 Mar 2026, 16:55","8 Mar 2026, 18:08","","Hack Squat (Machine)",,"Speed akater reps.",1,"warmup",,15,,,
"Lower 2","8 Mar 2026, 16:55","8 Mar 2026, 18:08","","Hack Squat (Machine)",,"Speed akater reps.",2,"normal",50,8,,,
"Lower 2","8 Mar 2026, 16:55","8 Mar 2026, 18:08","","Hack Squat (Machine)",,"Speed akater reps.",3,"normal",50,9,,,
"Lower 2","8 Mar 2026, 16:55","8 Mar 2026, 18:08","","Hack Squat (Machine)",,"Speed akater reps.",4,"normal",,5,,,
"Lower 2","8 Mar 2026, 16:55","8 Mar 2026, 18:08","","Back Extension (Weighted Hyperextension)",,"Glute ham style. Check my of for a more detailed desc;)",0,"warmup",,10,,,
"Lower 2","8 Mar 2026, 16:55","8 Mar 2026, 18:08","","Back Extension (Weighted Hyperextension)",,"Glute ham style. Check my of for a more detailed desc;)",1,"warmup",,8,,,
"Lower 2","8 Mar 2026, 16:55","8 Mar 2026, 18:08","","Back Extension (Weighted Hyperextension)",,"Glute ham style. Check my of for a more detailed desc;)",2,"normal",,6,,,
"Lower 2","8 Mar 2026, 16:55","8 Mar 2026, 18:08","","Back Extension (Weighted Hyperextension)",,"Glute ham style. Check my of for a more detailed desc;)",3,"normal",,6,,,
"Lower 2","8 Mar 2026, 16:55","8 Mar 2026, 18:08","","Seated Calf Raise",,"",0,"normal",45,15,,,
"Lower 2","8 Mar 2026, 16:55","8 Mar 2026, 18:08","","Seated Calf Raise",,"",1,"normal",45,15,,,
"Lower 2","8 Mar 2026, 16:55","8 Mar 2026, 18:08","","Seated Calf Raise",,"",2,"normal",45,15,,,
"Lower 2","8 Mar 2026, 16:55","8 Mar 2026, 18:08","","Seated Leg Curl (Machine)",,"",0,"normal",85,12,,,
"Lower 2","8 Mar 2026, 16:55","8 Mar 2026, 18:08","","Seated Leg Curl (Machine)",,"",1,"normal",100,10,,,
"Lower 2","8 Mar 2026, 16:55","8 Mar 2026, 18:08","","Seated Leg Curl (Machine)",,"",2,"normal",100,10,,,
"Lower 2","8 Mar 2026, 16:55","8 Mar 2026, 18:08","","Cable Crunch",,"Great for scapula too.",0,"normal",30,10,,,
"Lower 2","8 Mar 2026, 16:55","8 Mar 2026, 18:08","","Cable Crunch",,"Great for scapula too.",1,"normal",44,12,,,
"Lower 2","8 Mar 2026, 16:55","8 Mar 2026, 18:08","","Cable Crunch",,"Great for scapula too.",2,"normal",44,10,,,
"Upper 2","6 Mar 2026, 16:10","6 Mar 2026, 17:44","","Meadows Rows (Barbell)",,"",0,"warmup",,8,,,
"Upper 2","6 Mar 2026, 16:10","6 Mar 2026, 17:44","","Meadows Rows (Barbell)",,"",1,"normal",25,8,,,
"Upper 2","6 Mar 2026, 16:10","6 Mar 2026, 17:44","","Meadows Rows (Barbell)",,"",2,"normal",25,8,,,
"Upper 2","6 Mar 2026, 16:10","6 Mar 2026, 17:44","","Meadows Rows (Barbell)",,"",3,"normal",25,8,,,
"Upper 2","6 Mar 2026, 16:10","6 Mar 2026, 17:44","","Incline Bench Press (Dumbbell)",,"",0,"warmup",30,12,,,
"Upper 2","6 Mar 2026, 16:10","6 Mar 2026, 17:44","","Incline Bench Press (Dumbbell)",,"",1,"warmup",45,12,,,
"Upper 2","6 Mar 2026, 16:10","6 Mar 2026, 17:44","","Incline Bench Press (Dumbbell)",,"",2,"normal",55,12,,,
"Upper 2","6 Mar 2026, 16:10","6 Mar 2026, 17:44","","Incline Bench Press (Dumbbell)",,"",3,"normal",55,12,,,
"Upper 2","6 Mar 2026, 16:10","6 Mar 2026, 17:44","","Incline Bench Press (Dumbbell)",,"",4,"normal",55,11,,,
"Upper 2","6 Mar 2026, 16:10","6 Mar 2026, 17:44","","Lat Pulldown (Cable)",,"Last set very slow. Hard to keep elbows in.",0,"normal",100,10,,,
"Upper 2","6 Mar 2026, 16:10","6 Mar 2026, 17:44","","Lat Pulldown (Cable)",,"Last set very slow. Hard to keep elbows in.",1,"normal",100,10,,,
"Upper 2","6 Mar 2026, 16:10","6 Mar 2026, 17:44","","Lat Pulldown (Cable)",,"Last set very slow. Hard to keep elbows in.",2,"normal",70,15,,,
"Upper 2","6 Mar 2026, 16:10","6 Mar 2026, 17:44","","Single Arm Landmine Press (Barbell)",,"",0,"normal",45,15,,,
"Upper 2","6 Mar 2026, 16:10","6 Mar 2026, 17:44","","Single Arm Landmine Press (Barbell)",,"",1,"normal",45,15,,,
"Upper 2","6 Mar 2026, 16:10","6 Mar 2026, 17:44","","Single Arm Landmine Press (Barbell)",,"",2,"normal",45,15,,,
"Upper 2","6 Mar 2026, 16:10","6 Mar 2026, 17:44","","Skull Crusher Incline Push-up",,"",0,"normal",15,15,,,
"Upper 2","6 Mar 2026, 16:10","6 Mar 2026, 17:44","","Skull Crusher Incline Push-up",,"",1,"normal",15,15,,,
"Upper 2","6 Mar 2026, 16:10","6 Mar 2026, 17:44","","Skull Crusher Incline Push-up",,"",2,"normal",15,15,,,
"Upper 2","6 Mar 2026, 16:10","6 Mar 2026, 17:44","","Preacher Curl (Machine)",,"Done properly this is a great rehab exedcise for bicep tendenitis",0,"normal",20,12,,,
"Upper 2","6 Mar 2026, 16:10","6 Mar 2026, 17:44","","Preacher Curl (Machine)",,"Done properly this is a great rehab exedcise for bicep tendenitis",1,"normal",20,12,,,
"Upper 2","6 Mar 2026, 16:10","6 Mar 2026, 17:44","","Preacher Curl (Machine)",,"Done properly this is a great rehab exedcise for bicep tendenitis",2,"normal",20,12,,,
"Lower 1","4 Mar 2026, 17:49","4 Mar 2026, 18:46","","Hack Squat (Machine)",,"",0,"warmup",,8,,,
"Lower 1","4 Mar 2026, 17:49","4 Mar 2026, 18:46","","Hack Squat (Machine)",,"",1,"warmup",,8,,,
"Lower 1","4 Mar 2026, 17:49","4 Mar 2026, 18:46","","Hack Squat (Machine)",,"",2,"normal",50,8,,,
"Lower 1","4 Mar 2026, 17:49","4 Mar 2026, 18:46","","Hack Squat (Machine)",,"",3,"normal",50,10,,,
"Lower 1","4 Mar 2026, 17:49","4 Mar 2026, 18:46","","Hack Squat (Machine)",,"",4,"normal",50,10,,,
"Lower 1","4 Mar 2026, 17:49","4 Mar 2026, 18:46","","Leg Press (Machine)",,"",0,"normal",225,8,,,
"Lower 1","4 Mar 2026, 17:49","4 Mar 2026, 18:46","","Leg Press (Machine)",,"",1,"normal",225,8,,,
"Lower 1","4 Mar 2026, 17:49","4 Mar 2026, 18:46","","Leg Press (Machine)",,"",2,"normal",225,8,,,
"Lower 1","4 Mar 2026, 17:49","4 Mar 2026, 18:46","","nippard deadlift",,"These feel nice kne leg at a time and one arm at a time. Shit. I shouod tell Jeff about these.",0,"warmup",70,10,,,
"Lower 1","4 Mar 2026, 17:49","4 Mar 2026, 18:46","","nippard deadlift",,"These feel nice kne leg at a time and one arm at a time. Shit. I shouod tell Jeff about these.",1,"normal",70,10,,,
"Lower 1","4 Mar 2026, 17:49","4 Mar 2026, 18:46","","nippard deadlift",,"These feel nice kne leg at a time and one arm at a time. Shit. I shouod tell Jeff about these.",2,"normal",70,6,,,
"Lower 1","4 Mar 2026, 17:49","4 Mar 2026, 18:46","","Lay Machine Abs",,"",0,"normal",30,10,,,
"Lower 1","4 Mar 2026, 17:49","4 Mar 2026, 18:46","","Lay Machine Abs",,"",1,"normal",30,8,,,
"Upper 1","2 Mar 2026, 16:25","2 Mar 2026, 17:58","","Meadows Rows (Barbell)",,"",0,"warmup",55,12,,,
"Upper 1","2 Mar 2026, 16:25","2 Mar 2026, 17:58","","Meadows Rows (Barbell)",,"",1,"normal",55,15,,,
"Upper 1","2 Mar 2026, 16:25","2 Mar 2026, 17:58","","Meadows Rows (Barbell)",,"",2,"normal",55,15,,,
"Upper 1","2 Mar 2026, 16:25","2 Mar 2026, 17:58","","Meadows Rows (Barbell)",,"",3,"normal",60,10,,,
"Upper 1","2 Mar 2026, 16:25","2 Mar 2026, 17:58","","Single Arm Landmine Press (Barbell)",,"Actual exercise.",0,"warmup",45,6,,,
"Upper 1","2 Mar 2026, 16:25","2 Mar 2026, 17:58","","Single Arm Landmine Press (Barbell)",,"Actual exercise.",1,"normal",45,15,,,
"Upper 1","2 Mar 2026, 16:25","2 Mar 2026, 17:58","","Single Arm Landmine Press (Barbell)",,"Actual exercise.",2,"normal",45,15,,,
"Upper 1","2 Mar 2026, 16:25","2 Mar 2026, 17:58","","Single Arm Landmine Press (Barbell)",,"Actual exercise.",3,"normal",55,15,,,
"Upper 1","2 Mar 2026, 16:25","2 Mar 2026, 17:58","","Single Arm Landmine Press (Barbell)",,"Actual exercise.",4,"normal",55,15,,,
"Upper 1","2 Mar 2026, 16:25","2 Mar 2026, 17:58","","Single Arm Landmine Press (Barbell)",,"Actual exercise.",5,"normal",65,10,,,
"Upper 1","2 Mar 2026, 16:25","2 Mar 2026, 17:58","","Single Arm Landmine Press (Barbell)",,"Actual exercise.",6,"normal",60,10,,,
"Upper 1","2 Mar 2026, 16:25","2 Mar 2026, 17:58","","Incline Bench Press (Dumbbell)",,"Note tracking would be nice. \nI’ll check that later.",0,"normal",35,20,,,
"Upper 1","2 Mar 2026, 16:25","2 Mar 2026, 17:58","","Incline Bench Press (Dumbbell)",,"Note tracking would be nice. \nI’ll check that later.",1,"normal",35,20,,,
"Upper 1","2 Mar 2026, 16:25","2 Mar 2026, 17:58","","Cable Fly Crossovers",,"",0,"normal",1,10,,,
"Upper 1","2 Mar 2026, 16:25","2 Mar 2026, 17:58","","Cable Fly Crossovers",,"",1,"normal",1,10,,,
"Upper 1","2 Mar 2026, 16:25","2 Mar 2026, 17:58","","Cable Fly Crossovers",,"",2,"normal",1,10,,,
"Upper 1","2 Mar 2026, 16:25","2 Mar 2026, 17:58","","Chin Up (Assisted)",,"",0,"normal",140,6,,,
"Upper 1","2 Mar 2026, 16:25","2 Mar 2026, 17:58","","Preacher Curl (Machine)",,"One arm aat",0,"normal",40,10,,,
"Upper 1","2 Mar 2026, 16:25","2 Mar 2026, 17:58","","Preacher Curl (Machine)",,"One arm aat",1,"normal",45,20,,,
"Upper 1","2 Mar 2026, 16:25","2 Mar 2026, 17:58","","Preacher Curl (Machine)",,"One arm aat",2,"normal",55,20,,,
"Lower 2","28 Feb 2026, 17:21","28 Feb 2026, 18:17","","Hack Squat (Machine)",,"",0,"warmup",,8,,,
"Lower 2","28 Feb 2026, 17:21","28 Feb 2026, 18:17","","Hack Squat (Machine)",,"",1,"warmup",90,8,,,
"Lower 2","28 Feb 2026, 17:21","28 Feb 2026, 18:17","","Hack Squat (Machine)",,"",2,"normal",135,8,,,
"Lower 2","28 Feb 2026, 17:21","28 Feb 2026, 18:17","","Hack Squat (Machine)",,"",3,"normal",135,8,,,
"Lower 2","28 Feb 2026, 17:21","28 Feb 2026, 18:17","","Hack Squat (Machine)",,"",4,"normal",155,10,,,
"Lower 2","28 Feb 2026, 17:21","28 Feb 2026, 18:17","","Back Extension (Weighted Hyperextension)",,"",0,"warmup",,12,,,
"Lower 2","28 Feb 2026, 17:21","28 Feb 2026, 18:17","","Back Extension (Weighted Hyperextension)",,"",1,"warmup",10,12,,,
"Lower 2","28 Feb 2026, 17:21","28 Feb 2026, 18:17","","Back Extension (Weighted Hyperextension)",,"",2,"normal",10,12,,,
"Lower 2","28 Feb 2026, 17:21","28 Feb 2026, 18:17","","Back Extension (Weighted Hyperextension)",,"",3,"normal",10,9,,,
"Lower 2","28 Feb 2026, 17:21","28 Feb 2026, 18:17","","Back Extension (Weighted Hyperextension)",,"",4,"normal",10,14,,,
"Lower 2","28 Feb 2026, 17:21","28 Feb 2026, 18:17","","Leg Press Horizontal (Machine)",,"",0,"normal",110,12,,,
"Lower 2","28 Feb 2026, 17:21","28 Feb 2026, 18:17","","Leg Press Horizontal (Machine)",,"",1,"normal",170,12,,,
"Lower 2","28 Feb 2026, 17:21","28 Feb 2026, 18:17","","Leg Press Horizontal (Machine)",,"",2,"normal",190,12,,,
"Lower 2","28 Feb 2026, 17:21","28 Feb 2026, 18:17","","Seated Leg Curl (Machine)",,"",0,"normal",40,12,,,
"Lower 2","28 Feb 2026, 17:21","28 Feb 2026, 18:17","","Seated Leg Curl (Machine)",,"",1,"normal",120,12,,,
"Lower 2","28 Feb 2026, 17:21","28 Feb 2026, 18:17","","Seated Leg Curl (Machine)",,"",2,"normal",120,12,,,
"Lower 2","28 Feb 2026, 17:21","28 Feb 2026, 18:17","","Standing Calf Raise (Machine)",,"",0,"normal",88,15,,,
"Lower 2","28 Feb 2026, 17:21","28 Feb 2026, 18:17","","Standing Calf Raise (Machine)",,"",1,"normal",110,15,,,
"Lower 2","28 Feb 2026, 17:21","28 Feb 2026, 18:17","","Standing Calf Raise (Machine)",,"",2,"normal",110,15,,,
"Upper 2","25 Feb 2026, 07:03","25 Feb 2026, 08:47","Shoulder survived. Good chill workout. Thanks Hevy!","Rowing Machine",,"",0,"normal",,,0.5,0,
"Upper 2","25 Feb 2026, 07:03","25 Feb 2026, 08:47","Shoulder survived. Good chill workout. Thanks Hevy!","Incline Bench Press (Dumbbell)",,"Shoulder feels like its actually shouldering wiht this load. \nTwo degrees of freedom warmup \nTempted to rush it and just press all the weights.  But that would be folly. Slow and steady",0,"warmup",35,12,,,
"Upper 2","25 Feb 2026, 07:03","25 Feb 2026, 08:47","Shoulder survived. Good chill workout. Thanks Hevy!","Incline Bench Press (Dumbbell)",,"Shoulder feels like its actually shouldering wiht this load. \nTwo degrees of freedom warmup \nTempted to rush it and just press all the weights.  But that would be folly. Slow and steady",1,"warmup",55,12,,,
"Upper 2","25 Feb 2026, 07:03","25 Feb 2026, 08:47","Shoulder survived. Good chill workout. Thanks Hevy!","Incline Bench Press (Dumbbell)",,"Shoulder feels like its actually shouldering wiht this load. \nTwo degrees of freedom warmup \nTempted to rush it and just press all the weights.  But that would be folly. Slow and steady",2,"normal",55,12,,,
"Upper 2","25 Feb 2026, 07:03","25 Feb 2026, 08:47","Shoulder survived. Good chill workout. Thanks Hevy!","Incline Bench Press (Dumbbell)",,"Shoulder feels like its actually shouldering wiht this load. \nTwo degrees of freedom warmup \nTempted to rush it and just press all the weights.  But that would be folly. Slow and steady",3,"normal",55,8,,,
"Upper 2","25 Feb 2026, 07:03","25 Feb 2026, 08:47","Shoulder survived. Good chill workout. Thanks Hevy!","Incline Bench Press (Dumbbell)",,"Shoulder feels like its actually shouldering wiht this load. \nTwo degrees of freedom warmup \nTempted to rush it and just press all the weights.  But that would be folly. Slow and steady",4,"normal",55,10,,,
"Upper 2","25 Feb 2026, 07:03","25 Feb 2026, 08:47","Shoulder survived. Good chill workout. Thanks Hevy!","Seated Cable Row - V Grip (Cable)",,"Wide elbows",0,"warmup",45,8,,,
"Upper 2","25 Feb 2026, 07:03","25 Feb 2026, 08:47","Shoulder survived. Good chill workout. Thanks Hevy!","Seated Cable Row - V Grip (Cable)",,"Wide elbows",1,"normal",165,11,,,
"Upper 2","25 Feb 2026, 07:03","25 Feb 2026, 08:47","Shoulder survived. Good chill workout. Thanks Hevy!","Seated Cable Row - V Grip (Cable)",,"Wide elbows",2,"normal",121,11,,,
"Upper 2","25 Feb 2026, 07:03","25 Feb 2026, 08:47","Shoulder survived. Good chill workout. Thanks Hevy!","Seated Cable Row - V Grip (Cable)",,"Wide elbows",3,"normal",121,8,,,
"Upper 2","25 Feb 2026, 07:03","25 Feb 2026, 08:47","Shoulder survived. Good chill workout. Thanks Hevy!","Overhead Press (Barbell)",,"50% rom. Hold top posiiton 1 sec per rep. Fun! Flet some muscles under my delt turn on and got more range on fhe last set. Posotive test. Comtinue.",0,"normal",45,11,,,
"Upper 2","25 Feb 2026, 07:03","25 Feb 2026, 08:47","Shoulder survived. Good chill workout. Thanks Hevy!","Overhead Press (Barbell)",,"50% rom. Hold top posiiton 1 sec per rep. Fun! Flet some muscles under my delt turn on and got more range on fhe last set. Posotive test. Comtinue.",1,"normal",45,6,,,
"Upper 2","25 Feb 2026, 07:03","25 Feb 2026, 08:47","Shoulder survived. Good chill workout. Thanks Hevy!","Overhead Press (Barbell)",,"50% rom. Hold top posiiton 1 sec per rep. Fun! Flet some muscles under my delt turn on and got more range on fhe last set. Posotive test. Comtinue.",2,"normal",45,12,,,
"Upper 2","25 Feb 2026, 07:03","25 Feb 2026, 08:47","Shoulder survived. Good chill workout. Thanks Hevy!","Lat Pulldown (Cable)",,"",0,"normal",120,10,,,
"Upper 2","25 Feb 2026, 07:03","25 Feb 2026, 08:47","Shoulder survived. Good chill workout. Thanks Hevy!","Lat Pulldown (Cable)",,"",1,"normal",128,10,,,
"Upper 2","25 Feb 2026, 07:03","25 Feb 2026, 08:47","Shoulder survived. Good chill workout. Thanks Hevy!","Lat Pulldown (Cable)",,"",2,"normal",120,10,,,
"Upper 2","25 Feb 2026, 07:03","25 Feb 2026, 08:47","Shoulder survived. Good chill workout. Thanks Hevy!","Lateral Raise (Dumbbell)",0,"Shoulder pain stopped. Try again next time",0,"normal",10,12,,,
"Upper 2","25 Feb 2026, 07:03","25 Feb 2026, 08:47","Shoulder survived. Good chill workout. Thanks Hevy!","Lateral Raise (Dumbbell)",0,"Shoulder pain stopped. Try again next time",1,"normal",15,12,,,
"Upper 2","25 Feb 2026, 07:03","25 Feb 2026, 08:47","Shoulder survived. Good chill workout. Thanks Hevy!","Seated Palms Up Wrist Curl",0,"",0,"normal",20,12,,,
"Upper 2","25 Feb 2026, 07:03","25 Feb 2026, 08:47","Shoulder survived. Good chill workout. Thanks Hevy!","Seated Palms Up Wrist Curl",0,"",1,"normal",20,15,,,
"Upper 2","25 Feb 2026, 07:03","25 Feb 2026, 08:47","Shoulder survived. Good chill workout. Thanks Hevy!","Seated Palms Up Wrist Curl",0,"",2,"normal",20,8,,,
"Upper 2","25 Feb 2026, 07:03","25 Feb 2026, 08:47","Shoulder survived. Good chill workout. Thanks Hevy!","Treadmill",,"",0,"normal",,,,300,
"Lower 1","22 Feb 2026, 16:15","22 Feb 2026, 17:12","","Leg Press (Machine)",,"",0,"normal",315,10,,,
"Lower 1","22 Feb 2026, 16:15","22 Feb 2026, 17:12","","Leg Press (Machine)",,"",1,"normal",315,12,,,
"Lower 1","22 Feb 2026, 16:15","22 Feb 2026, 17:12","","Leg Press (Machine)",,"",2,"normal",315,8,,,
"Lower 1","22 Feb 2026, 16:15","22 Feb 2026, 17:12","","Hack Squat",,"",0,"warmup",,8,,,
"Lower 1","22 Feb 2026, 16:15","22 Feb 2026, 17:12","","Hack Squat",,"",1,"normal",90,10,,,
"Lower 1","22 Feb 2026, 16:15","22 Feb 2026, 17:12","","Hack Squat",,"",2,"normal",90,8,,,
"Lower 1","22 Feb 2026, 16:15","22 Feb 2026, 17:12","","Hack Squat",,"",3,"normal",90,8,,,
"Lower 1","22 Feb 2026, 16:15","22 Feb 2026, 17:12","","Romanian Deadlift (Barbell)",,"",0,"normal",100,12,,,
"Lower 1","22 Feb 2026, 16:15","22 Feb 2026, 17:12","","Romanian Deadlift (Barbell)",,"",1,"normal",100,12,,,
"Lower 1","22 Feb 2026, 16:15","22 Feb 2026, 17:12","","Romanian Deadlift (Barbell)",,"",2,"normal",100,12,,,
"Lower 1","22 Feb 2026, 16:15","22 Feb 2026, 17:12","","Leg Press Donkey Calf Raise",,"",0,"normal",315,15,,,
"Lower 1","22 Feb 2026, 16:15","22 Feb 2026, 17:12","","Leg Press Donkey Calf Raise",,"",1,"normal",315,20,,,
"Lower 1","22 Feb 2026, 16:15","22 Feb 2026, 17:12","","Leg Press Donkey Calf Raise",,"",2,"normal",315,20,,,
"Lower 1","22 Feb 2026, 16:15","22 Feb 2026, 17:12","","Leg Press Donkey Calf Raise",,"",3,"normal",315,20,,,
"Lower 1","22 Feb 2026, 16:15","22 Feb 2026, 17:12","","Lay Machine Abs",,"",0,"normal",40,15,,,
"Lower 1","22 Feb 2026, 16:15","22 Feb 2026, 17:12","","Lay Machine Abs",,"",1,"normal",50,15,,,
"Lower 1","22 Feb 2026, 16:15","22 Feb 2026, 17:12","","Lay Machine Abs",,"",2,"normal",60,15,,,
"Upper 1","21 Feb 2026, 07:00","21 Feb 2026, 08:33","","Rowing Machine",,"",0,"normal",,,0.5,0,
"Upper 1","21 Feb 2026, 07:00","21 Feb 2026, 08:33","","Bent Over Row (Barbell)",,"",0,"warmup",45,8,,,
"Upper 1","21 Feb 2026, 07:00","21 Feb 2026, 08:33","","Bent Over Row (Barbell)",,"",1,"warmup",95,8,,,
"Upper 1","21 Feb 2026, 07:00","21 Feb 2026, 08:33","","Bent Over Row (Barbell)",,"",2,"normal",95,12,,,
"Upper 1","21 Feb 2026, 07:00","21 Feb 2026, 08:33","","Bent Over Row (Barbell)",,"",3,"normal",115,12,,,
"Upper 1","21 Feb 2026, 07:00","21 Feb 2026, 08:33","","Bent Over Row (Barbell)",,"",4,"normal",135,10,,,
"Upper 1","21 Feb 2026, 07:00","21 Feb 2026, 08:33","","Shoulder Press (Dumbbell)",,"Range of motion here is limited. Did some of these one arm at a time. Itll get better \nI just repped the last set out and tried to relax theu the pain lol",0,"warmup",15,8,,,
"Upper 1","21 Feb 2026, 07:00","21 Feb 2026, 08:33","","Shoulder Press (Dumbbell)",,"Range of motion here is limited. Did some of these one arm at a time. Itll get better \nI just repped the last set out and tried to relax theu the pain lol",1,"normal",20,9,,,
"Upper 1","21 Feb 2026, 07:00","21 Feb 2026, 08:33","","Shoulder Press (Dumbbell)",,"Range of motion here is limited. Did some of these one arm at a time. Itll get better \nI just repped the last set out and tried to relax theu the pain lol",2,"normal",20,6,,,
"Upper 1","21 Feb 2026, 07:00","21 Feb 2026, 08:33","","Shoulder Press (Dumbbell)",,"Range of motion here is limited. Did some of these one arm at a time. Itll get better \nI just repped the last set out and tried to relax theu the pain lol",3,"normal",20,10,,,
"Upper 1","21 Feb 2026, 07:00","21 Feb 2026, 08:33","","Bench Press (Barbell)",,"Ego tamping. Ego blocks progress. Keep it light snd pain free and progress slowly.  No pain in right shoulder.",0,"normal",65,12,,,
"Upper 1","21 Feb 2026, 07:00","21 Feb 2026, 08:33","","Bench Press (Barbell)",,"Ego tamping. Ego blocks progress. Keep it light snd pain free and progress slowly.  No pain in right shoulder.",1,"normal",65,11,,,
"Upper 1","21 Feb 2026, 07:00","21 Feb 2026, 08:33","","Bench Press (Barbell)",,"Ego tamping. Ego blocks progress. Keep it light snd pain free and progress slowly.  No pain in right shoulder.",2,"normal",65,12,,,
"Upper 1","21 Feb 2026, 07:00","21 Feb 2026, 08:33","","Chest Fly (Machine)",,"",0,"normal",40,12,,,
"Upper 1","21 Feb 2026, 07:00","21 Feb 2026, 08:33","","Chest Fly (Machine)",,"",1,"normal",55,9,,,
"Upper 1","21 Feb 2026, 07:00","21 Feb 2026, 08:33","","Chest Fly (Machine)",,"",2,"normal",55,16,,,
"Upper 1","21 Feb 2026, 07:00","21 Feb 2026, 08:33","","Bicep Curl (Dumbbell)",,"",0,"normal",20,12,,,
"Upper 1","21 Feb 2026, 07:00","21 Feb 2026, 08:33","","Bicep Curl (Dumbbell)",,"",1,"normal",20,12,,,
"Upper 1","21 Feb 2026, 07:00","21 Feb 2026, 08:33","","Bicep Curl (Dumbbell)",,"",2,"normal",20,12,,,
"Afternoon workout 💪","14 Feb 2026, 16:28","14 Feb 2026, 17:26","","Lat Pulldown (Machine)",,"",0,"normal",60,10,,,
"Afternoon workout 💪","14 Feb 2026, 16:28","14 Feb 2026, 17:26","","Lat Pulldown (Machine)",,"",1,"normal",128,10,,,
"Afternoon workout 💪","14 Feb 2026, 16:28","14 Feb 2026, 17:26","","Lat Pulldown (Machine)",,"",2,"normal",150,12,,,
"Afternoon workout 💪","14 Feb 2026, 16:28","14 Feb 2026, 17:26","","Dumbbell Row",,"",0,"normal",45,10,,,
"Afternoon workout 💪","14 Feb 2026, 16:28","14 Feb 2026, 17:26","","Dumbbell Row",,"",1,"normal",60,10,,,
"Afternoon workout 💪","14 Feb 2026, 16:28","14 Feb 2026, 17:26","","Dumbbell Row",,"",2,"normal",70,10,,,
"Chest feb3 (copy)","9 Feb 2026, 16:33","9 Feb 2026, 17:42","","Chest Press (Machine)",,"",0,"normal",40,10,,,
"Chest feb3 (copy)","9 Feb 2026, 16:33","9 Feb 2026, 17:42","","Incline Bench Press (Dumbbell)",,"",0,"normal",35,15,,,
"Chest feb3 (copy)","9 Feb 2026, 16:33","9 Feb 2026, 17:42","","Incline Bench Press (Dumbbell)",,"",1,"normal",45,15,,,
"Chest feb3 (copy)","9 Feb 2026, 16:33","9 Feb 2026, 17:42","","Incline Bench Press (Dumbbell)",,"",2,"normal",55,10,,,
"Chest feb3 (copy)","9 Feb 2026, 16:33","9 Feb 2026, 17:42","","Incline Bench Press (Dumbbell)",,"",3,"normal",65,6,,,
"Chest feb3 (copy)","9 Feb 2026, 16:33","9 Feb 2026, 17:42","","Incline Bench Press (Dumbbell)",,"",4,"normal",75,6,,,
"Chest feb3 (copy)","9 Feb 2026, 16:33","9 Feb 2026, 17:42","","Incline Bench Press (Dumbbell)",,"",5,"normal",75,6,,,
"Chest feb3 (copy)","9 Feb 2026, 16:33","9 Feb 2026, 17:42","","Incline Bench Press (Smith Machine)",,"",0,"normal",95,10,,,
"Chest feb3 (copy)","9 Feb 2026, 16:33","9 Feb 2026, 17:42","","Incline Bench Press (Smith Machine)",,"",1,"normal",135,10,,,
"Chest feb3 (copy)","9 Feb 2026, 16:33","9 Feb 2026, 17:42","","Incline Bench Press (Smith Machine)",,"",2,"normal",185,6,,,
"Chest feb3 (copy)","9 Feb 2026, 16:33","9 Feb 2026, 17:42","","Incline Bench Press (Smith Machine)",,"",3,"normal",185,12,,,
"Chest feb3 (copy)","9 Feb 2026, 16:33","9 Feb 2026, 17:42","","Chest Fly (Machine)",,"",0,"normal",120,15,,,
"Chest feb3 (copy)","9 Feb 2026, 16:33","9 Feb 2026, 17:42","","Chest Fly (Machine)",,"",1,"normal",120,15,,,
"Chest feb3 (copy)","9 Feb 2026, 16:33","9 Feb 2026, 17:42","","Upright Row (Barbell)",,"",0,"normal",45,10,,,
"Chest feb3 (copy)","9 Feb 2026, 16:33","9 Feb 2026, 17:42","","Upright Row (Barbell)",,"",1,"normal",45,14,,,
"Chest feb3 (copy)","9 Feb 2026, 16:33","9 Feb 2026, 17:42","","Upright Row (Barbell)",,"",2,"normal",55,12,,,
"Chest feb3 (copy)","9 Feb 2026, 16:33","9 Feb 2026, 17:42","","Upright Row (Barbell)",,"",3,"normal",55,10,,,
"Chest feb3 (copy)","9 Feb 2026, 16:33","9 Feb 2026, 17:42","","Triceps Pushdown",,"",0,"normal",120,15,,,
"Chest feb3 (copy)","9 Feb 2026, 16:33","9 Feb 2026, 17:42","","Triceps Pushdown",,"",1,"normal",120,14,,,
"Chest feb3 (copy)","9 Feb 2026, 16:33","9 Feb 2026, 17:42","","Bicep Curl (Dumbbell)",,"",0,"normal",25,15,,,
"Chest feb3 (copy)","9 Feb 2026, 16:33","9 Feb 2026, 17:42","","Bicep Curl (Dumbbell)",,"",1,"normal",20,12,,,
"Chest feb3","3 Feb 2026, 06:24","3 Feb 2026, 07:06","","Incline Bench Press (Dumbbell)",,"",0,"normal",35,15,,,
"Chest feb3","3 Feb 2026, 06:24","3 Feb 2026, 07:06","","Incline Bench Press (Dumbbell)",,"",1,"normal",45,15,,,
"Chest feb3","3 Feb 2026, 06:24","3 Feb 2026, 07:06","","Incline Bench Press (Dumbbell)",,"",2,"normal",55,10,,,
"Chest feb3","3 Feb 2026, 06:24","3 Feb 2026, 07:06","","Incline Bench Press (Dumbbell)",,"",3,"normal",65,6,,,
"Chest feb3","3 Feb 2026, 06:24","3 Feb 2026, 07:06","","Incline Bench Press (Dumbbell)",,"",4,"normal",75,6,,,
"Chest feb3","3 Feb 2026, 06:24","3 Feb 2026, 07:06","","Incline Bench Press (Dumbbell)",,"",5,"normal",75,6,,,
"Chest feb3","3 Feb 2026, 06:24","3 Feb 2026, 07:06","","Incline Bench Press (Dumbbell)",,"",6,"normal",75,6,,,
"Chest feb3","3 Feb 2026, 06:24","3 Feb 2026, 07:06","","Incline Bench Press (Barbell)",,"Super set with last teo sets of fbell press",0,"normal",45,15,,,
"Chest feb3","3 Feb 2026, 06:24","3 Feb 2026, 07:06","","Incline Bench Press (Barbell)",,"Super set with last teo sets of fbell press",1,"normal",95,6,,,
"Chest feb3","3 Feb 2026, 06:24","3 Feb 2026, 07:06","","Chest Dip (Assisted)",,"",0,"normal",130,10,,,
"Legs 2","1 Feb 2026, 12:42","1 Feb 2026, 13:25","","box squat levels",,"",0,"normal",5,10,,,
"Legs 2","1 Feb 2026, 12:42","1 Feb 2026, 13:25","","box squat levels",,"",1,"normal",5,10,,,
"Legs 2","1 Feb 2026, 12:42","1 Feb 2026, 13:25","","box squat levels",,"",2,"normal",5,10,,,
"Legs 2","1 Feb 2026, 12:42","1 Feb 2026, 13:25","","Leg Press (Machine)",,"",0,"normal",200,12,,,
"Legs 2","1 Feb 2026, 12:42","1 Feb 2026, 13:25","","Leg Press (Machine)",,"",1,"normal",200,12,,,
"Legs 2","1 Feb 2026, 12:42","1 Feb 2026, 13:25","","Leg Press (Machine)",,"",2,"normal",200,12,,,
"Legs 2","1 Feb 2026, 12:42","1 Feb 2026, 13:25","","Seated Leg Curl (Machine)",,"",0,"normal",140,10,,,
"Legs 2","1 Feb 2026, 12:42","1 Feb 2026, 13:25","","Seated Leg Curl (Machine)",,"",1,"normal",140,10,,,
"Legs 2","1 Feb 2026, 12:42","1 Feb 2026, 13:25","","Seated Leg Curl (Machine)",,"",2,"normal",140,10,,,
"Legs 2","1 Feb 2026, 12:42","1 Feb 2026, 13:25","","Lunge",,"",0,"normal",,1,,,
"Legs 2","1 Feb 2026, 12:42","1 Feb 2026, 13:25","","Lunge",,"",1,"normal",,3,,,
"Legs 2","1 Feb 2026, 12:42","1 Feb 2026, 13:25","","Lunge",,"",2,"normal",,5,,,
"Back dead’s bis","27 Jan 2026, 06:03","27 Jan 2026, 06:54","","Chest Supported Row",,"",0,"normal",55,10,,,
"Back dead’s bis","27 Jan 2026, 06:03","27 Jan 2026, 06:54","","Chest Supported Row",,"",1,"normal",100,10,,,
"Back dead’s bis","27 Jan 2026, 06:03","27 Jan 2026, 06:54","","Chest Supported Row",,"",2,"normal",130,10,,,
"Back dead’s bis","27 Jan 2026, 06:03","27 Jan 2026, 06:54","","Chest Supported Row",,"",3,"normal",145,10,,,
"Back dead’s bis","27 Jan 2026, 06:03","27 Jan 2026, 06:54","","Chest Supported Row",,"",4,"normal",160,12,,,
"Back dead’s bis","27 Jan 2026, 06:03","27 Jan 2026, 06:54","","Chin Up (Assisted)",,"",0,"normal",140,6,,,
"Back dead’s bis","27 Jan 2026, 06:03","27 Jan 2026, 06:54","","Chin Up (Assisted)",,"",1,"normal",115,6,,,
"Back dead’s bis","27 Jan 2026, 06:03","27 Jan 2026, 06:54","","Chin Up (Assisted)",,"",2,"normal",100,6,,,
"Back dead’s bis","27 Jan 2026, 06:03","27 Jan 2026, 06:54","","nippard deadlift",,"",0,"normal",100,12,,,
"Back dead’s bis","27 Jan 2026, 06:03","27 Jan 2026, 06:54","","nippard deadlift",,"",1,"normal",100,6,,,
"Back dead’s bis","27 Jan 2026, 06:03","27 Jan 2026, 06:54","","Lat Pulldown (Cable)",,"",0,"normal",99,10,,,
"Back dead’s bis","27 Jan 2026, 06:03","27 Jan 2026, 06:54","","Lat Pulldown (Cable)",,"",1,"normal",120,12,,,
"Back dead’s bis","27 Jan 2026, 06:03","27 Jan 2026, 06:54","","Lat Pulldown (Cable)",,"",2,"normal",140,10,,,
"Legs","25 Jan 2026, 10:22","25 Jan 2026, 11:14","","Cycling",,"",0,"normal",,,1,300,
"Legs","25 Jan 2026, 10:22","25 Jan 2026, 11:14","","Leg Extension (Machine)",1,"",0,"normal",35,20,,,
"Legs","25 Jan 2026, 10:22","25 Jan 2026, 11:14","","Leg Extension (Machine)",1,"",1,"normal",70,10,,,
"Legs","25 Jan 2026, 10:22","25 Jan 2026, 11:14","","Leg Extension (Machine)",1,"",2,"normal",100,10,,,
"Legs","25 Jan 2026, 10:22","25 Jan 2026, 11:14","","Seated Leg Curl (Machine)",1,"First set single leg",0,"normal",40,20,,,
"Legs","25 Jan 2026, 10:22","25 Jan 2026, 11:14","","Seated Leg Curl (Machine)",1,"First set single leg",1,"normal",85,14,,,
"Legs","25 Jan 2026, 10:22","25 Jan 2026, 11:14","","Standing Calf Raise (Machine)",0,"Single first",0,"normal",30,6,,,
"Legs","25 Jan 2026, 10:22","25 Jan 2026, 11:14","","Standing Calf Raise (Machine)",0,"Single first",1,"normal",130,15,,,
"Legs","25 Jan 2026, 10:22","25 Jan 2026, 11:14","","cranes",0,"Hard toray",0,"normal",,5,,,
"Legs","25 Jan 2026, 10:22","25 Jan 2026, 11:14","","cranes",0,"Hard toray",1,"normal",,5,,,
"Legs","25 Jan 2026, 10:22","25 Jan 2026, 11:14","","Leg Press (Machine)",,"Was gonna do single leg then didnt.",0,"normal",90,30,,,
"Legs","25 Jan 2026, 10:22","25 Jan 2026, 11:14","","Leg Press (Machine)",,"Was gonna do single leg then didnt.",1,"normal",180,15,,,
"Legs","25 Jan 2026, 10:22","25 Jan 2026, 11:14","","Hack Squat (Machine)",,"Last set was for j",0,"normal",45,6,,,
"Legs","25 Jan 2026, 10:22","25 Jan 2026, 11:14","","Hack Squat (Machine)",,"Last set was for j",1,"normal",90,6,,,
"Legs","25 Jan 2026, 10:22","25 Jan 2026, 11:14","","Hack Squat (Machine)",,"Last set was for j",2,"normal",90,8,,,
"Chest","23 Jan 2026, 16:39","23 Jan 2026, 18:17","","Chest Press (Machine)",,"",0,"normal",50,12,,,
"Chest","23 Jan 2026, 16:39","23 Jan 2026, 18:17","","Chest Press (Machine)",,"",1,"normal",80,12,,,
"Chest","23 Jan 2026, 16:39","23 Jan 2026, 18:17","","Chest Press (Machine)",,"",2,"normal",130,6,,,
"Chest","23 Jan 2026, 16:39","23 Jan 2026, 18:17","","Chest Press (Machine)",,"",3,"normal",150,6,,,
"Chest","23 Jan 2026, 16:39","23 Jan 2026, 18:17","","Chest Press (Machine)",,"",4,"normal",170,6,,,
"Chest","23 Jan 2026, 16:39","23 Jan 2026, 18:17","","Incline Bench Press (Dumbbell)",,"",0,"normal",30,10,,,
"Chest","23 Jan 2026, 16:39","23 Jan 2026, 18:17","","Incline Bench Press (Dumbbell)",,"",1,"normal",40,10,,,
"Chest","23 Jan 2026, 16:39","23 Jan 2026, 18:17","","Incline Bench Press (Dumbbell)",,"",2,"normal",55,6,,,
"Chest","23 Jan 2026, 16:39","23 Jan 2026, 18:17","","Incline Bench Press (Dumbbell)",,"",3,"normal",75,6,,,
"Chest","23 Jan 2026, 16:39","23 Jan 2026, 18:17","","Incline Bench Press (Dumbbell)",,"",4,"normal",75,6,,,
"Chest","23 Jan 2026, 16:39","23 Jan 2026, 18:17","","Incline Bench Press (Dumbbell)",,"",5,"normal",80,6,,,
"Chest","23 Jan 2026, 16:39","23 Jan 2026, 18:17","","Incline Bench Press (Smith Machine)",,"",0,"normal",95,10,,,
"Chest","23 Jan 2026, 16:39","23 Jan 2026, 18:17","","Incline Bench Press (Smith Machine)",,"",1,"normal",135,10,,,
"Chest","23 Jan 2026, 16:39","23 Jan 2026, 18:17","","Incline Bench Press (Smith Machine)",,"",2,"normal",185,6,,,
"Chest","23 Jan 2026, 16:39","23 Jan 2026, 18:17","","Incline Bench Press (Smith Machine)",,"",3,"normal",135,12,,,
"Chest","23 Jan 2026, 16:39","23 Jan 2026, 18:17","","Incline Bench Press (Smith Machine)",,"",4,"normal",185,6,,,
"Chest","23 Jan 2026, 16:39","23 Jan 2026, 18:17","","Chest Fly (Machine)",0,"",0,"normal",80,10,,,
"Chest","23 Jan 2026, 16:39","23 Jan 2026, 18:17","","Chest Fly (Machine)",0,"",1,"normal",100,10,,,
"Chest","23 Jan 2026, 16:39","23 Jan 2026, 18:17","","Rear Delt Reverse Fly (Machine)",0,"",0,"normal",20,10,,,
"Chest","23 Jan 2026, 16:39","23 Jan 2026, 18:17","","Rear Delt Reverse Fly (Machine)",0,"",1,"normal",38,10,,,
"Chest","23 Jan 2026, 16:39","23 Jan 2026, 18:17","","Wide-Elbow Triceps Press (Dumbbell)",,"",0,"normal",27.5,30,,,
"Chest","23 Jan 2026, 16:39","23 Jan 2026, 18:17","","Wide-Elbow Triceps Press (Dumbbell)",,"",1,"normal",27.5,25,,,
"Chest","23 Jan 2026, 16:39","23 Jan 2026, 18:17","","Preacher Curl (Machine)",,"",0,"normal",50,12,,,
"Chest","23 Jan 2026, 16:39","23 Jan 2026, 18:17","","Lat Pulldown (Cable)",,"",0,"normal",100,14,,,
"Morning workout ☀️","22 Jan 2026, 06:34","22 Jan 2026, 08:37","","Cycling",,"",0,"normal",,,1,1800,
"Back dead’s bis","20 Jan 2026, 16:27","20 Jan 2026, 17:30","","Lat Pulldown (Machine)",,"",0,"normal",60,10,,,
"Back dead’s bis","20 Jan 2026, 16:27","20 Jan 2026, 17:30","","Lat Pulldown (Machine)",,"",1,"normal",100,10,,,
"Back dead’s bis","20 Jan 2026, 16:27","20 Jan 2026, 17:30","","Lat Pulldown (Machine)",,"",2,"normal",130,10,,,
"Back dead’s bis","20 Jan 2026, 16:27","20 Jan 2026, 17:30","","Lat Pulldown (Machine)",,"",3,"normal",160,10,,,
"Back dead’s bis","20 Jan 2026, 16:27","20 Jan 2026, 17:30","","Lat Pulldown (Machine)",,"",4,"normal",180,10,,,
"Back dead’s bis","20 Jan 2026, 16:27","20 Jan 2026, 17:30","","Chin Up (Assisted)",,"",0,"normal",120,6,,,
"Back dead’s bis","20 Jan 2026, 16:27","20 Jan 2026, 17:30","","Chin Up (Assisted)",,"",1,"normal",100,6,,,
"Back dead’s bis","20 Jan 2026, 16:27","20 Jan 2026, 17:30","","Chin Up (Assisted)",,"",2,"normal",120,6,,,
"Back dead’s bis","20 Jan 2026, 16:27","20 Jan 2026, 17:30","","Lat Pulldown (Cable)",,"Super wide grip ksawful",0,"normal",80,12,,,
"Back dead’s bis","20 Jan 2026, 16:27","20 Jan 2026, 17:30","","Lat Pulldown (Cable)",,"Super wide grip ksawful",1,"normal",120,8,,,
"Back dead’s bis","20 Jan 2026, 16:27","20 Jan 2026, 17:30","","Lat Pulldown (Cable)",,"Super wide grip ksawful",2,"normal",80,8,,,
"Back dead’s bis","20 Jan 2026, 16:27","20 Jan 2026, 17:30","","Seated Incline Curl (Dumbbell)",,"Fuxk these",0,"normal",22.5,10,,,
"Back dead’s bis","20 Jan 2026, 16:27","20 Jan 2026, 17:30","","Seated Incline Curl (Dumbbell)",,"Fuxk these",1,"normal",27.5,10,,,
"Legs","18 Jan 2026, 09:05","18 Jan 2026, 10:26","Humbling. But effective. I need to remember that the goal of this session is to restore basic function to my right leg. Interesting how the ham was so tired today. Quad felt fine.","Stair Machine (Floors)",,"",0,"normal",,,,300,
"Legs","18 Jan 2026, 09:05","18 Jan 2026, 10:26","Humbling. But effective. I need to remember that the goal of this session is to restore basic function to my right leg. Interesting how the ham was so tired today. Quad felt fine.","Leg Extension (Machine)",,"",0,"normal",30,10,,,
"Legs","18 Jan 2026, 09:05","18 Jan 2026, 10:26","Humbling. But effective. I need to remember that the goal of this session is to restore basic function to my right leg. Interesting how the ham was so tired today. Quad felt fine.","Leg Extension (Machine)",,"",1,"normal",50,10,,,
"Legs","18 Jan 2026, 09:05","18 Jan 2026, 10:26","Humbling. But effective. I need to remember that the goal of this session is to restore basic function to my right leg. Interesting how the ham was so tired today. Quad felt fine.","Leg Extension (Machine)",,"",2,"normal",70,10,,,
"Legs","18 Jan 2026, 09:05","18 Jan 2026, 10:26","Humbling. But effective. I need to remember that the goal of this session is to restore basic function to my right leg. Interesting how the ham was so tired today. Quad felt fine.","Seated Leg Curl (Machine)",,"",0,"normal",60,15,,,
"Legs","18 Jan 2026, 09:05","18 Jan 2026, 10:26","Humbling. But effective. I need to remember that the goal of this session is to restore basic function to my right leg. Interesting how the ham was so tired today. Quad felt fine.","Seated Leg Curl (Machine)",,"",1,"normal",100,6,,,
"Legs","18 Jan 2026, 09:05","18 Jan 2026, 10:26","Humbling. But effective. I need to remember that the goal of this session is to restore basic function to my right leg. Interesting how the ham was so tired today. Quad felt fine.","cranes",0,"Start with both legs.",0,"normal",,6,,,
"Legs","18 Jan 2026, 09:05","18 Jan 2026, 10:26","Humbling. But effective. I need to remember that the goal of this session is to restore basic function to my right leg. Interesting how the ham was so tired today. Quad felt fine.","box squat levels",,"",0,"normal",5,10,,,
"Legs","18 Jan 2026, 09:05","18 Jan 2026, 10:26","Humbling. But effective. I need to remember that the goal of this session is to restore basic function to my right leg. Interesting how the ham was so tired today. Quad felt fine.","box squat levels",,"",1,"normal",4,8,,,
"Legs","18 Jan 2026, 09:05","18 Jan 2026, 10:26","Humbling. But effective. I need to remember that the goal of this session is to restore basic function to my right leg. Interesting how the ham was so tired today. Quad felt fine.","box squat levels",,"",2,"normal",3,6,,,
"Legs","18 Jan 2026, 09:05","18 Jan 2026, 10:26","Humbling. But effective. I need to remember that the goal of this session is to restore basic function to my right leg. Interesting how the ham was so tired today. Quad felt fine.","box squat levels",,"",3,"normal",3,10,,,
"Legs","18 Jan 2026, 09:05","18 Jan 2026, 10:26","Humbling. But effective. I need to remember that the goal of this session is to restore basic function to my right leg. Interesting how the ham was so tired today. Quad felt fine.","Single Leg Press (Machine)",,"Right ham is weak af but got stronger during the exercise. Range if motion. Hops with both legs i think helps too.",0,"normal",40,6,,,
"Legs","18 Jan 2026, 09:05","18 Jan 2026, 10:26","Humbling. But effective. I need to remember that the goal of this session is to restore basic function to my right leg. Interesting how the ham was so tired today. Quad felt fine.","Single Leg Press (Machine)",,"Right ham is weak af but got stronger during the exercise. Range if motion. Hops with both legs i think helps too.",1,"normal",40,6,,,
"Legs","18 Jan 2026, 09:05","18 Jan 2026, 10:26","Humbling. But effective. I need to remember that the goal of this session is to restore basic function to my right leg. Interesting how the ham was so tired today. Quad felt fine.","Single Leg Press (Machine)",,"Right ham is weak af but got stronger during the exercise. Range if motion. Hops with both legs i think helps too.",2,"normal",60,6,,,
"Legs","15 Jan 2026, 06:47","15 Jan 2026, 08:12","Great. Reminder that hams and posterior chain are the bedrock of a strong body. Also I’m terrible at pushups.","Cycling",,"",0,"normal",,,1,300,
"Legs","15 Jan 2026, 06:47","15 Jan 2026, 08:12","Great. Reminder that hams and posterior chain are the bedrock of a strong body. Also I’m terrible at pushups.","Leg Extension (Machine)",,"",0,"normal",28,20,,,
"Legs","15 Jan 2026, 06:47","15 Jan 2026, 08:12","Great. Reminder that hams and posterior chain are the bedrock of a strong body. Also I’m terrible at pushups.","Leg Extension (Machine)",,"",1,"normal",40,10,,,
"Legs","15 Jan 2026, 06:47","15 Jan 2026, 08:12","Great. Reminder that hams and posterior chain are the bedrock of a strong body. Also I’m terrible at pushups.","Leg Extension (Machine)",,"",2,"normal",85,9,,,
"Legs","15 Jan 2026, 06:47","15 Jan 2026, 08:12","Great. Reminder that hams and posterior chain are the bedrock of a strong body. Also I’m terrible at pushups.","Leg Extension (Machine)",,"",3,"normal",115,9,,,
"Legs","15 Jan 2026, 06:47","15 Jan 2026, 08:12","Great. Reminder that hams and posterior chain are the bedrock of a strong body. Also I’m terrible at pushups.","Seated Leg Curl (Machine)",,"",0,"normal",85,15,,,
"Legs","15 Jan 2026, 06:47","15 Jan 2026, 08:12","Great. Reminder that hams and posterior chain are the bedrock of a strong body. Also I’m terrible at pushups.","Seated Leg Curl (Machine)",,"",1,"normal",118,10,,,
"Legs","15 Jan 2026, 06:47","15 Jan 2026, 08:12","Great. Reminder that hams and posterior chain are the bedrock of a strong body. Also I’m terrible at pushups.","Standing Calf Raise (Machine)",0,"",0,"normal",150,15,,,
"Legs","15 Jan 2026, 06:47","15 Jan 2026, 08:12","Great. Reminder that hams and posterior chain are the bedrock of a strong body. Also I’m terrible at pushups.","cranes",0,"Make this a loaded exercise.",0,"normal",,6,,,
"Legs","15 Jan 2026, 06:47","15 Jan 2026, 08:12","Great. Reminder that hams and posterior chain are the bedrock of a strong body. Also I’m terrible at pushups.","Hack Squat (Machine)",,"",0,"normal",,10,,,
"Legs","15 Jan 2026, 06:47","15 Jan 2026, 08:12","Great. Reminder that hams and posterior chain are the bedrock of a strong body. Also I’m terrible at pushups.","Hack Squat (Machine)",,"",1,"normal",90,5,,,
"Legs","15 Jan 2026, 06:47","15 Jan 2026, 08:12","Great. Reminder that hams and posterior chain are the bedrock of a strong body. Also I’m terrible at pushups.","Hack Squat (Machine)",,"",2,"normal",140,6,,,
"Legs","15 Jan 2026, 06:47","15 Jan 2026, 08:12","Great. Reminder that hams and posterior chain are the bedrock of a strong body. Also I’m terrible at pushups.","Hack Squat (Machine)",,"",3,"normal",140,8,,,
"Legs","15 Jan 2026, 06:47","15 Jan 2026, 08:12","Great. Reminder that hams and posterior chain are the bedrock of a strong body. Also I’m terrible at pushups.","Romanian Deadlift (Dumbbell)",,"",0,"normal",25,10,,,
"Legs","15 Jan 2026, 06:47","15 Jan 2026, 08:12","Great. Reminder that hams and posterior chain are the bedrock of a strong body. Also I’m terrible at pushups.","Romanian Deadlift (Dumbbell)",,"",1,"normal",55,12,,,
"Legs","15 Jan 2026, 06:47","15 Jan 2026, 08:12","Great. Reminder that hams and posterior chain are the bedrock of a strong body. Also I’m terrible at pushups.","Romanian Deadlift (Dumbbell)",,"",2,"normal",55,15,,,
"Legs","15 Jan 2026, 06:47","15 Jan 2026, 08:12","Great. Reminder that hams and posterior chain are the bedrock of a strong body. Also I’m terrible at pushups.","Push Up",,"",0,"normal",,10,,,
"Morning workout ☀️","12 Jan 2026, 08:48","12 Jan 2026, 08:52","Good. Drank a Gatorade before training bc after deadlifts last time I couldn’t get a pump in my biceps. Took a scoop of pre as well.","Lat Pulldown (Machine)",,"",0,"normal",90,10,,,
"Morning workout ☀️","12 Jan 2026, 08:48","12 Jan 2026, 08:52","Good. Drank a Gatorade before training bc after deadlifts last time I couldn’t get a pump in my biceps. Took a scoop of pre as well.","Lat Pulldown (Machine)",,"",1,"normal",140,10,,,
"Morning workout ☀️","12 Jan 2026, 08:48","12 Jan 2026, 08:52","Good. Drank a Gatorade before training bc after deadlifts last time I couldn’t get a pump in my biceps. Took a scoop of pre as well.","Lat Pulldown (Machine)",,"",2,"normal",180,10,,,
"Morning workout ☀️","12 Jan 2026, 08:48","12 Jan 2026, 08:52","Good. Drank a Gatorade before training bc after deadlifts last time I couldn’t get a pump in my biceps. Took a scoop of pre as well.","Lat Pulldown (Machine)",,"",3,"normal",220,10,,,
"Morning workout ☀️","12 Jan 2026, 08:48","12 Jan 2026, 08:52","Good. Drank a Gatorade before training bc after deadlifts last time I couldn’t get a pump in my biceps. Took a scoop of pre as well.","Lat Pulldown (Machine)",,"",4,"normal",240,8,,,
"Morning workout ☀️","12 Jan 2026, 08:48","12 Jan 2026, 08:52","Good. Drank a Gatorade before training bc after deadlifts last time I couldn’t get a pump in my biceps. Took a scoop of pre as well.","Lat Pulldown (Machine)",,"",5,"normal",240,6,,,
"Morning workout ☀️","12 Jan 2026, 08:48","12 Jan 2026, 08:52","Good. Drank a Gatorade before training bc after deadlifts last time I couldn’t get a pump in my biceps. Took a scoop of pre as well.","Lat Pulldown (Machine)",,"",6,"normal",200,4,,,
"Morning workout ☀️","12 Jan 2026, 08:48","12 Jan 2026, 08:52","Good. Drank a Gatorade before training bc after deadlifts last time I couldn’t get a pump in my biceps. Took a scoop of pre as well.","Lat Pulldown (Cable)",,"",0,"normal",140,10,,,
"Morning workout ☀️","12 Jan 2026, 08:48","12 Jan 2026, 08:52","Good. Drank a Gatorade before training bc after deadlifts last time I couldn’t get a pump in my biceps. Took a scoop of pre as well.","Lat Pulldown (Cable)",,"",1,"normal",180,6,,,
"Morning workout ☀️","12 Jan 2026, 08:48","12 Jan 2026, 08:52","Good. Drank a Gatorade before training bc after deadlifts last time I couldn’t get a pump in my biceps. Took a scoop of pre as well.","Lat Pulldown (Cable)",,"",2,"normal",180,5,,,
"Morning workout ☀️","12 Jan 2026, 08:48","12 Jan 2026, 08:52","Good. Drank a Gatorade before training bc after deadlifts last time I couldn’t get a pump in my biceps. Took a scoop of pre as well.","Deadlift (Barbell)",,"",0,"normal",135,5,,,
"Morning workout ☀️","12 Jan 2026, 08:48","12 Jan 2026, 08:52","Good. Drank a Gatorade before training bc after deadlifts last time I couldn’t get a pump in my biceps. Took a scoop of pre as well.","Deadlift (Barbell)",,"",1,"normal",225,6,,,
"Morning workout ☀️","12 Jan 2026, 08:48","12 Jan 2026, 08:52","Good. Drank a Gatorade before training bc after deadlifts last time I couldn’t get a pump in my biceps. Took a scoop of pre as well.","Deadlift (Barbell)",,"",2,"normal",315,6,,,
"Morning workout ☀️","12 Jan 2026, 08:48","12 Jan 2026, 08:52","Good. Drank a Gatorade before training bc after deadlifts last time I couldn’t get a pump in my biceps. Took a scoop of pre as well.","Deadlift (Barbell)",,"",3,"normal",315,1,,,
"Morning workout ☀️","12 Jan 2026, 08:48","12 Jan 2026, 08:52","Good. Drank a Gatorade before training bc after deadlifts last time I couldn’t get a pump in my biceps. Took a scoop of pre as well.","Deadlift (Barbell)",,"",4,"normal",315,1,,,
"Morning workout ☀️","12 Jan 2026, 08:48","12 Jan 2026, 08:52","Good. Drank a Gatorade before training bc after deadlifts last time I couldn’t get a pump in my biceps. Took a scoop of pre as well.","Deadlift (Barbell)",,"",5,"normal",315,1,,,
"Morning workout ☀️","12 Jan 2026, 08:48","12 Jan 2026, 08:52","Good. Drank a Gatorade before training bc after deadlifts last time I couldn’t get a pump in my biceps. Took a scoop of pre as well.","Deadlift (Barbell)",,"",6,"normal",315,1,,,
"Morning workout ☀️","12 Jan 2026, 08:48","12 Jan 2026, 08:52","Good. Drank a Gatorade before training bc after deadlifts last time I couldn’t get a pump in my biceps. Took a scoop of pre as well.","Seated Incline Curl (Dumbbell)",,"",0,"normal",20,10,,,
"Morning workout ☀️","12 Jan 2026, 08:48","12 Jan 2026, 08:52","Good. Drank a Gatorade before training bc after deadlifts last time I couldn’t get a pump in my biceps. Took a scoop of pre as well.","Seated Incline Curl (Dumbbell)",,"",1,"normal",27.5,12,,,
"Morning workout ☀️","12 Jan 2026, 08:48","12 Jan 2026, 08:52","Good. Drank a Gatorade before training bc after deadlifts last time I couldn’t get a pump in my biceps. Took a scoop of pre as well.","Seated Incline Curl (Dumbbell)",,"",2,"normal",27.5,12,,,
"Morning workout ☀️","12 Jan 2026, 08:48","12 Jan 2026, 08:52","Good. Drank a Gatorade before training bc after deadlifts last time I couldn’t get a pump in my biceps. Took a scoop of pre as well.","Bicep Curl (Cable)",,"",0,"normal",40,20,,,
"Morning workout ☀️","12 Jan 2026, 08:48","12 Jan 2026, 08:52","Good. Drank a Gatorade before training bc after deadlifts last time I couldn’t get a pump in my biceps. Took a scoop of pre as well.","Bicep Curl (Cable)",,"",1,"normal",40,20,,,
"Afternoon workout 💪","14 Dec 2024, 12:32","14 Dec 2024, 14:50","","Rear Delt Reverse Fly (Machine)",,"",0,"normal",60,12,,,
"Afternoon workout 💪","14 Dec 2024, 12:32","14 Dec 2024, 14:50","","Rear Delt Reverse Fly (Machine)",,"",1,"normal",80,10,,,
"Afternoon workout 💪","14 Dec 2024, 12:32","14 Dec 2024, 14:50","","Rear Delt Reverse Fly (Machine)",,"",2,"normal",100,12,,,
"Afternoon workout 💪","14 Dec 2024, 12:32","14 Dec 2024, 14:50","","Shoulder Press (Machine Plates)",,"",0,"normal",90,10,,,
"Afternoon workout 💪","14 Dec 2024, 12:32","14 Dec 2024, 14:50","","Shoulder Press (Machine Plates)",,"",1,"normal",110,12,,,
"Afternoon workout 💪","14 Dec 2024, 12:32","14 Dec 2024, 14:50","","Shoulder Press (Machine Plates)",,"",2,"normal",140,8,,,
"Afternoon workout 💪","14 Dec 2024, 12:32","14 Dec 2024, 14:50","","Shoulder Press (Machine Plates)",,"",3,"normal",140,10,,,
"Afternoon workout 💪","14 Dec 2024, 12:32","14 Dec 2024, 14:50","","Shoulder Press (Machine Plates)",,"",4,"normal",140,10,,,
"Afternoon workout 💪","14 Dec 2024, 12:32","14 Dec 2024, 14:50","","Lateral Raise (Cable)",,"",0,"normal",40,15,,,
"Afternoon workout 💪","14 Dec 2024, 12:32","14 Dec 2024, 14:50","","Lateral Raise (Cable)",,"",1,"normal",50,10,,,
"Afternoon workout 💪","14 Dec 2024, 12:32","14 Dec 2024, 14:50","","Lateral Raise (Cable)",,"",2,"normal",50,10,,,
"Afternoon workout 💪","14 Dec 2024, 12:32","14 Dec 2024, 14:50","","Lateral Raise (Cable)",,"",3,"normal",50,10,,,
"Afternoon workout 💪","14 Dec 2024, 12:32","14 Dec 2024, 14:50","","Lateral Raise (Cable)",,"",4,"normal",40,10,,,
"Afternoon workout 💪","14 Dec 2024, 12:32","14 Dec 2024, 14:50","","Lat Pulldown (Cable)",,"",0,"normal",140,10,,,
"Afternoon workout 💪","14 Dec 2024, 12:32","14 Dec 2024, 14:50","","Lat Pulldown (Cable)",,"",1,"normal",140,8,,,
"Afternoon workout 💪","14 Dec 2024, 12:32","14 Dec 2024, 14:50","","Lateral Raise (Dumbbell)",,"",0,"normal",15,10,,,
"Afternoon workout 💪","14 Dec 2024, 12:32","14 Dec 2024, 14:50","","Skullcrusher (Barbell)",,"",0,"normal",,15,,,
"Afternoon workout 💪","14 Dec 2024, 12:32","14 Dec 2024, 14:50","","Skullcrusher (Barbell)",,"",1,"normal",,16,,,
"Afternoon workout 💪","14 Dec 2024, 12:32","14 Dec 2024, 14:50","","Triceps Rope Pushdown",,"",0,"normal",40,20,,,
"Afternoon workout 💪","14 Dec 2024, 12:32","14 Dec 2024, 14:50","","Triceps Rope Pushdown",,"",1,"normal",60,20,,,
"Afternoon workout 💪","14 Dec 2024, 12:32","14 Dec 2024, 14:50","","Bicep Curl (Cable)",,"",0,"normal",30,10,,,
"Afternoon workout 💪","14 Dec 2024, 12:32","14 Dec 2024, 14:50","","Bicep Curl (Cable)",,"",1,"normal",50,15,,,
"Afternoon workout 💪","14 Dec 2024, 12:32","14 Dec 2024, 14:50","","Seated Incline Curl (Dumbbell)",,"",0,"normal",25,12,,,
"Morning workout ☀️","13 Dec 2024, 06:41","13 Dec 2024, 07:06","","Cable Fly Crossovers",,"Chest not recovered so just getting a bit of blood flow then delts and triceps",0,"normal",18,10,,,
"Morning workout ☀️","13 Dec 2024, 06:41","13 Dec 2024, 07:06","","Cable Fly Crossovers",,"Chest not recovered so just getting a bit of blood flow then delts and triceps",1,"normal",18,10,,,
"Morning workout ☀️","13 Dec 2024, 06:41","13 Dec 2024, 07:06","","Cable Fly Crossovers",,"Chest not recovered so just getting a bit of blood flow then delts and triceps",2,"normal",10,10,,,
"Morning workout ☀️","13 Dec 2024, 06:41","13 Dec 2024, 07:06","","Back Extension (Hyperextension)",,"Slowing these down js teally effextive. Also did cranes",0,"normal",,10,,,
"Morning workout ☀️","13 Dec 2024, 06:41","13 Dec 2024, 07:06","","Back Extension (Hyperextension)",,"Slowing these down js teally effextive. Also did cranes",1,"normal",,8,,,
"Morning workout ☀️","13 Dec 2024, 06:41","13 Dec 2024, 07:06","","Back Extension (Hyperextension)",,"Slowing these down js teally effextive. Also did cranes",2,"normal",,13,,,
"Morning workout ☀️","13 Dec 2024, 06:41","13 Dec 2024, 07:06","","Chin Up (Assisted)",,"",0,"normal",300,15,,,
"Afternoon workout 💪","28 Sep 2024, 13:02","28 Sep 2024, 13:11","","Romanian Deadlift (Dumbbell)",,"",0,"normal",40,6,,,
"Afternoon workout 💪","28 Sep 2024, 13:02","28 Sep 2024, 13:11","","Romanian Deadlift (Dumbbell)",,"",1,"normal",40,6,,,
"Afternoon workout 💪","28 Sep 2024, 13:02","28 Sep 2024, 13:11","","Romanian Deadlift (Dumbbell)",,"",2,"normal",40,9,,,
"Afternoon workout 💪","28 Sep 2024, 13:02","28 Sep 2024, 13:11","","Romanian Deadlift (Dumbbell)",,"",3,"normal",90,10,,,
"Afternoon workout 💪","28 Sep 2024, 13:02","28 Sep 2024, 13:11","","Romanian Deadlift (Dumbbell)",,"",4,"normal",90,10,,,
"Afternoon workout 💪","28 Sep 2024, 13:02","28 Sep 2024, 13:11","","Romanian Deadlift (Dumbbell)",,"",5,"normal",90,10,,,
"Afternoon workout 💪","28 Sep 2024, 13:02","28 Sep 2024, 13:11","","Chin Up (Assisted)",,"",0,"normal",160,12,,,
"Afternoon workout 💪","28 Sep 2024, 13:02","28 Sep 2024, 13:11","","Chin Up (Assisted)",,"",1,"normal",120,12,,,
"Afternoon workout 💪","28 Sep 2024, 13:02","28 Sep 2024, 13:11","","Chin Up (Assisted)",,"",2,"normal",120,12,,,
"Afternoon workout 💪","28 Sep 2024, 13:02","28 Sep 2024, 13:11","","Chin Up (Assisted)",,"",3,"normal",100,8,,,
"Afternoon workout 💪","28 Sep 2024, 13:02","28 Sep 2024, 13:11","","Chin Up (Assisted)",,"",4,"normal",100,8,,,
"Afternoon workout 💪","28 Sep 2024, 13:02","28 Sep 2024, 13:11","","Seated Row (Machine)",,"One armand two Dm",0,"normal",70,15,,,
"Afternoon workout 💪","28 Sep 2024, 13:02","28 Sep 2024, 13:11","","Seated Row (Machine)",,"One armand two Dm",1,"normal",140,8,,,
"Afternoon workout 💪","28 Sep 2024, 13:02","28 Sep 2024, 13:11","","Seated Row (Machine)",,"One armand two Dm",2,"normal",120,10,,,
"Afternoon workout 💪","28 Sep 2024, 13:02","28 Sep 2024, 13:11","","Lat Pulldown (Cable)",,"Did some rarm uo to hnderhand  burn iut wiht oarrwlel grip",0,"normal",140,8,,,
"Afternoon workout 💪","28 Sep 2024, 13:02","28 Sep 2024, 13:11","","Lat Pulldown (Cable)",,"Did some rarm uo to hnderhand  burn iut wiht oarrwlel grip",1,"normal",140,8,,,
"Afternoon workout 💪","28 Sep 2024, 13:02","28 Sep 2024, 13:11","","Triceps Pushdown",,"",0,"normal",40,10,,,
"Afternoon workout 💪","28 Sep 2024, 13:02","28 Sep 2024, 13:11","","Triceps Pushdown",,"",1,"normal",70,14,,,
"Afternoon workout 💪","28 Sep 2024, 13:02","28 Sep 2024, 13:11","","Triceps Pushdown",,"",2,"normal",70,21,,,
"Afternoon workout 💪","22 Sep 2024, 16:07","22 Sep 2024, 17:34","","Squat (Smith Machine)",,"",0,"normal",95,8,,,
"Afternoon workout 💪","22 Sep 2024, 16:07","22 Sep 2024, 17:34","","Squat (Smith Machine)",,"",1,"normal",135,8,,,
"Afternoon workout 💪","22 Sep 2024, 16:07","22 Sep 2024, 17:34","","Squat (Smith Machine)",,"",2,"normal",185,6,,,
"Afternoon workout 💪","22 Sep 2024, 16:07","22 Sep 2024, 17:34","","Squat (Smith Machine)",,"",3,"normal",228,6,,,
"Afternoon workout 💪","22 Sep 2024, 16:07","22 Sep 2024, 17:34","","Squat (Smith Machine)",,"",4,"normal",185,9,,,
"Afternoon workout 💪","22 Sep 2024, 16:07","22 Sep 2024, 17:34","","Squat (Smith Machine)",,"",5,"normal",138,14,,,
"Afternoon workout 💪","22 Sep 2024, 16:07","22 Sep 2024, 17:34","","Bulgarian Split Squat (Dumbbell)",,"",0,"normal",,5,,,
"Afternoon workout 💪","22 Sep 2024, 16:07","22 Sep 2024, 17:34","","Bulgarian Split Squat (Dumbbell)",,"",1,"normal",,5,,,
"Afternoon workout 💪","22 Sep 2024, 16:07","22 Sep 2024, 17:34","","Bulgarian Split Squat (Dumbbell)",,"",2,"normal",,9,,,
"Afternoon workout 💪","22 Sep 2024, 16:07","22 Sep 2024, 17:34","","Bulgarian Split Squat (Dumbbell)",,"",3,"normal",,11,,,
"Afternoon workout 💪","22 Sep 2024, 16:07","22 Sep 2024, 17:34","","Bulgarian Split Squat (Dumbbell)",,"",4,"normal",,6,,,
"Afternoon workout 💪","22 Sep 2024, 16:07","22 Sep 2024, 17:34","","Bulgarian Split Squat (Dumbbell)",,"",5,"normal",,9,,,
"Afternoon workout 💪","22 Sep 2024, 16:07","22 Sep 2024, 17:34","","Romanian Deadlift (Dumbbell)",,"",0,"normal",45,8,,,
"Afternoon workout 💪","22 Sep 2024, 16:07","22 Sep 2024, 17:34","","Romanian Deadlift (Dumbbell)",,"",1,"normal",45,13,,,
"Afternoon workout 💪","22 Sep 2024, 16:07","22 Sep 2024, 17:34","","Romanian Deadlift (Dumbbell)",,"",2,"normal",45,9,,,
"Afternoon workout 💪","22 Sep 2024, 16:07","22 Sep 2024, 17:34","","Lying Leg Curl (Machine)",,"",0,"normal",80,12,,,
"Afternoon workout 💪","22 Sep 2024, 16:07","22 Sep 2024, 17:34","","Lying Leg Curl (Machine)",,"",1,"normal",100,10,,,
"Afternoon workout 💪","22 Sep 2024, 16:07","22 Sep 2024, 17:34","","Lying Leg Curl (Machine)",,"",2,"normal",100,6,,,
"Afternoon workout 💪","22 Sep 2024, 16:07","22 Sep 2024, 17:34","","Leg Extension (Machine)",,"",0,"normal",30,10,,,
"Morning workout ☀️","12 Sep 2024, 10:35","12 Sep 2024, 12:21","","Triceps Pushdown",,"",0,"normal",60,10,,,
"Morning workout ☀️","12 Sep 2024, 10:35","12 Sep 2024, 12:21","","Triceps Pushdown",,"",1,"normal",70,12,,,
"Morning workout ☀️","12 Sep 2024, 10:35","12 Sep 2024, 12:21","","Triceps Pushdown",,"",2,"normal",70,10,,,
"Morning workout ☀️","12 Sep 2024, 10:35","12 Sep 2024, 12:21","","Triceps Pushdown",,"",3,"normal",70,10,,,
"Morning workout ☀️","12 Sep 2024, 10:35","12 Sep 2024, 12:21","","Concentration Curl",,"",0,"normal",25,15,,,
"Morning workout ☀️","12 Sep 2024, 10:35","12 Sep 2024, 12:21","","Concentration Curl",,"",1,"normal",25,10,,,
"Morning workout ☀️","12 Sep 2024, 10:35","12 Sep 2024, 12:21","","Concentration Curl",,"",2,"normal",25,10,,,
"Morning workout ☀️","12 Sep 2024, 10:35","12 Sep 2024, 12:21","","Concentration Curl",,"",3,"normal",30,8,,,
"Morning workout ☀️","12 Sep 2024, 10:35","12 Sep 2024, 12:21","","Concentration Curl",,"",4,"normal",30,8,,,
"Morning workout ☀️","12 Sep 2024, 10:35","12 Sep 2024, 12:21","","Triceps Dip",,"",0,"normal",,15,,,
"Morning workout ☀️","12 Sep 2024, 10:35","12 Sep 2024, 12:21","","Seated Incline Curl (Dumbbell)",,"",0,"normal",30,12,,,
"Back chin focus","10 Sep 2024, 16:57","10 Sep 2024, 17:54","","Seated Cable Row - Bar Grip",,"",0,"normal",100,10,,,
"Back chin focus","10 Sep 2024, 16:57","10 Sep 2024, 17:54","","Seated Cable Row - Bar Grip",,"",1,"normal",120,5,,,
"Back chin focus","10 Sep 2024, 16:57","10 Sep 2024, 17:54","","Seated Cable Row - Bar Grip",,"",2,"normal",140,5,,,
"Back chin focus","10 Sep 2024, 16:57","10 Sep 2024, 17:54","","Seated Cable Row - Bar Grip",,"",3,"normal",160,5,,,
"Back chin focus","10 Sep 2024, 16:57","10 Sep 2024, 17:54","","Seated Cable Row - Bar Grip",,"",4,"normal",180,16,,,
"Back chin focus","10 Sep 2024, 16:57","10 Sep 2024, 17:54","","Seated Cable Row - Bar Grip",,"",5,"normal",200,15,,,
"Back chin focus","10 Sep 2024, 16:57","10 Sep 2024, 17:54","","Bent Over Row (Barbell)",,"",0,"normal",135,10,,,
"Back chin focus","10 Sep 2024, 16:57","10 Sep 2024, 17:54","","Bent Over Row (Barbell)",,"",1,"normal",225,8,,,
"Back chin focus","10 Sep 2024, 16:57","10 Sep 2024, 17:54","","Bent Over Row (Barbell)",,"",2,"normal",225,8,,,
"Back chin focus","10 Sep 2024, 16:57","10 Sep 2024, 17:54","","Bent Over Row (Barbell)",,"",3,"normal",225,8,,,
"Back chin focus","10 Sep 2024, 16:57","10 Sep 2024, 17:54","","Lat Pulldown (Cable)",,"",0,"normal",120,10,,,
"Back chin focus","10 Sep 2024, 16:57","10 Sep 2024, 17:54","","Lat Pulldown (Cable)",,"",1,"normal",120,10,,,
"Back chin focus","10 Sep 2024, 16:57","10 Sep 2024, 17:54","","Lat Pulldown (Cable)",,"",2,"normal",120,10,,,
"Back chin focus","10 Sep 2024, 16:57","10 Sep 2024, 17:54","","Lat Pulldown (Cable)",,"",3,"normal",120,10,,,
"Back chin focus","10 Sep 2024, 16:57","10 Sep 2024, 17:54","","Back Extension (Weighted Hyperextension)",,"",0,"normal",,10,,,
"Back chin focus","10 Sep 2024, 16:57","10 Sep 2024, 17:54","","Back Extension (Weighted Hyperextension)",,"",1,"normal",10,12,,,
"Back chin focus","10 Sep 2024, 16:57","10 Sep 2024, 17:54","","Back Extension (Weighted Hyperextension)",,"",2,"normal",,6,,,
"Back chin focus","10 Sep 2024, 16:57","10 Sep 2024, 17:54","","Back Extension (Weighted Hyperextension)",,"",3,"normal",10,10,,,
"Back chin focus","10 Sep 2024, 16:57","10 Sep 2024, 17:54","","Seated Incline Curl (Dumbbell)",,"",0,"normal",12,12,,,
"Back chin focus","10 Sep 2024, 16:57","10 Sep 2024, 17:54","","Seated Incline Curl (Dumbbell)",,"",1,"normal",12,12,,,
"Back chin focus","10 Sep 2024, 16:57","10 Sep 2024, 17:54","","Seated Incline Curl (Dumbbell)",,"",2,"normal",15,12,,,
"Back chin focus","10 Sep 2024, 16:57","10 Sep 2024, 17:54","","Seated Incline Curl (Dumbbell)",,"",3,"normal",15,12,,,
"Back chin focus","10 Sep 2024, 16:57","10 Sep 2024, 17:54","","Seated Incline Curl (Dumbbell)",,"",4,"normal",20,12,,,
"Back chin focus","10 Sep 2024, 16:57","10 Sep 2024, 17:54","","Seated Incline Curl (Dumbbell)",,"",5,"normal",20,12,,,
"Back chin focus","10 Sep 2024, 16:57","10 Sep 2024, 17:54","","Preacher Curl (Machine)",,"",0,"normal",50,6,,,
"Back chin focus","10 Sep 2024, 16:57","10 Sep 2024, 17:54","","Preacher Curl (Machine)",,"",1,"normal",30,10,,,
"Back chin focus","10 Sep 2024, 16:57","10 Sep 2024, 17:54","","Preacher Curl (Machine)",,"",2,"normal",30,10,,,
"New Chest","9 Sep 2024, 12:36","9 Sep 2024, 13:35","","Incline Bench Press (Smith Machine)",,"",0,"normal",95,10,,,
"New Chest","9 Sep 2024, 12:36","9 Sep 2024, 13:35","","Incline Bench Press (Smith Machine)",,"",1,"normal",135,8,,,
"New Chest","9 Sep 2024, 12:36","9 Sep 2024, 13:35","","Incline Bench Press (Smith Machine)",,"",2,"normal",155,10,,,
"New Chest","9 Sep 2024, 12:36","9 Sep 2024, 13:35","","Incline Bench Press (Smith Machine)",,"",3,"normal",155,12,,,
"New Chest","9 Sep 2024, 12:36","9 Sep 2024, 13:35","","Incline Bench Press (Smith Machine)",,"",4,"normal",155,15,,,
"New Chest","9 Sep 2024, 12:36","9 Sep 2024, 13:35","","Chest Dip",,"Full rom",0,"normal",,10,,,
"New Chest","9 Sep 2024, 12:36","9 Sep 2024, 13:35","","Chest Dip",,"Full rom",1,"normal",,8,,,
"New Chest","9 Sep 2024, 12:36","9 Sep 2024, 13:35","","Chest Dip",,"Full rom",2,"normal",,6,,,
"New Chest","9 Sep 2024, 12:36","9 Sep 2024, 13:35","","Bench Press (Dumbbell)",0,"",0,"normal",38,14,,,
"New Chest","9 Sep 2024, 12:36","9 Sep 2024, 13:35","","Bench Press (Dumbbell)",0,"",1,"normal",55,10,,,
"New Chest","9 Sep 2024, 12:36","9 Sep 2024, 13:35","","Bench Press (Dumbbell)",0,"",2,"normal",60,12,,,
"New Chest","9 Sep 2024, 12:36","9 Sep 2024, 13:35","","Bench Press (Dumbbell)",0,"",3,"normal",60,12,,,
"New Chest","9 Sep 2024, 12:36","9 Sep 2024, 13:35","","Chest Press (Machine)",0,"",0,"normal",40,7,,,
"New Chest","9 Sep 2024, 12:36","9 Sep 2024, 13:35","","Chest Press (Machine)",0,"",1,"normal",40,7,,,
"Legs and arms","8 Sep 2024, 14:00","8 Sep 2024, 16:53","","Wrist Roller",,"",0,"normal",70,10,,,
"Legs and arms","8 Sep 2024, 14:00","8 Sep 2024, 16:53","","Wrist Roller",,"",1,"normal",85,10,,,
"Legs and arms","8 Sep 2024, 14:00","8 Sep 2024, 16:53","","Wrist Roller",,"",2,"normal",88,15,,,
"Legs and arms","8 Sep 2024, 14:00","8 Sep 2024, 16:53","","Wrist Roller",,"",3,"normal",100,10,,,
"Legs and arms","8 Sep 2024, 14:00","8 Sep 2024, 16:53","","Wrist Roller",,"",4,"normal",100,10,,,
"Legs and arms","8 Sep 2024, 14:00","8 Sep 2024, 16:53","","Romanian Deadlift (Dumbbell)",,"",0,"normal",80,12,,,
"Legs and arms","8 Sep 2024, 14:00","8 Sep 2024, 16:53","","Romanian Deadlift (Dumbbell)",,"",1,"normal",80,12,,,
"Legs and arms","8 Sep 2024, 14:00","8 Sep 2024, 16:53","","Romanian Deadlift (Dumbbell)",,"",2,"normal",90,12,,,
"Legs and arms","8 Sep 2024, 14:00","8 Sep 2024, 16:53","","Romanian Deadlift (Dumbbell)",,"",3,"normal",90,12,,,
"Legs and arms","8 Sep 2024, 14:00","8 Sep 2024, 16:53","","Lying Leg Curl (Machine)",,"",0,"normal",90,10,,,
"Legs and arms","8 Sep 2024, 14:00","8 Sep 2024, 16:53","","Lying Leg Curl (Machine)",,"",1,"normal",110,8,,,
"Legs and arms","8 Sep 2024, 14:00","8 Sep 2024, 16:53","","Lying Leg Curl (Machine)",,"",2,"normal",110,8,,,
"Legs and arms","8 Sep 2024, 14:00","8 Sep 2024, 16:53","","Lying Leg Curl (Machine)",,"",3,"normal",110,6,,,
"Legs and arms","8 Sep 2024, 14:00","8 Sep 2024, 16:53","","Lying Leg Curl (Machine)",,"",4,"normal",110,8,,,
"Legs and arms","8 Sep 2024, 14:00","8 Sep 2024, 16:53","","Leg Extension (Machine)",,"",0,"normal",,6,,,
"Legs and arms","8 Sep 2024, 14:00","8 Sep 2024, 16:53","","Leg Extension (Machine)",,"",1,"normal",,6,,,
"Legs and arms","8 Sep 2024, 14:00","8 Sep 2024, 16:53","","Leg Extension (Machine)",,"",2,"normal",,10,,,
"Legs and arms","8 Sep 2024, 14:00","8 Sep 2024, 16:53","","Leg Extension (Machine)",,"",3,"normal",,10,,,
"Legs and arms","8 Sep 2024, 14:00","8 Sep 2024, 16:53","","Leg Extension (Machine)",,"",4,"normal",,10,,,
"Legs and arms","8 Sep 2024, 14:00","8 Sep 2024, 16:53","","Bulgarian Split Squat (Dumbbell)",,"",0,"normal",,5,,,
"Legs and arms","8 Sep 2024, 14:00","8 Sep 2024, 16:53","","Bulgarian Split Squat (Dumbbell)",,"",1,"normal",,5,,,
"Legs and arms","8 Sep 2024, 14:00","8 Sep 2024, 16:53","","Bulgarian Split Squat (Dumbbell)",,"",2,"normal",,12,,,
"Legs and arms","8 Sep 2024, 14:00","8 Sep 2024, 16:53","","Bulgarian Split Squat (Dumbbell)",,"",3,"normal",,12,,,
"Legs and arms","8 Sep 2024, 14:00","8 Sep 2024, 16:53","","Bulgarian Split Squat (Dumbbell)",,"",4,"normal",,12,,,
"Legs and arms","8 Sep 2024, 14:00","8 Sep 2024, 16:53","","Bulgarian Split Squat (Dumbbell)",,"",5,"normal",,12,,,
"Legs and arms","8 Sep 2024, 14:00","8 Sep 2024, 16:53","","Bulgarian Split Squat (Dumbbell)",,"",6,"normal",,12,,,
"Legs and arms","8 Sep 2024, 14:00","8 Sep 2024, 16:53","","Bulgarian Split Squat (Dumbbell)",,"",7,"normal",,12,,,
"Legs and arms","8 Sep 2024, 14:00","8 Sep 2024, 16:53","","Squat (Smith Machine)",,"",0,"normal",95,6,,,
"Legs and arms","8 Sep 2024, 14:00","8 Sep 2024, 16:53","","Squat (Smith Machine)",,"",1,"normal",135,10,,,
"Legs and arms","8 Sep 2024, 14:00","8 Sep 2024, 16:53","","Squat (Smith Machine)",,"",2,"normal",188,6,,,
"Legs and arms","8 Sep 2024, 14:00","8 Sep 2024, 16:53","","Squat (Smith Machine)",,"",3,"normal",225,6,,,
"Legs and arms","8 Sep 2024, 14:00","8 Sep 2024, 16:53","","Squat (Smith Machine)",,"",4,"normal",275,6,,,
"Legs and arms","8 Sep 2024, 14:00","8 Sep 2024, 16:53","","Squat (Smith Machine)",,"",5,"normal",225,10,,,
"Legs and arms","8 Sep 2024, 14:00","8 Sep 2024, 16:53","","Walking Lunge",,"",0,"normal",,10,,,
"Legs and arms","8 Sep 2024, 14:00","8 Sep 2024, 16:53","","Walking Lunge",,"",1,"normal",,10,,,
"Legs and arms","8 Sep 2024, 14:00","8 Sep 2024, 16:53","","Leg Extension (Machine)",,"",0,"normal",90,20,,,
"Legs and arms","8 Sep 2024, 14:00","8 Sep 2024, 16:53","","Leg Extension (Machine)",,"",1,"normal",90,20,,,
"Legs and arms","8 Sep 2024, 14:00","8 Sep 2024, 16:53","","Leg Extension (Machine)",,"",2,"normal",90,20,,,
"Arms","6 Sep 2024, 17:40","6 Sep 2024, 18:24","","Triceps Pushdown",,"",0,"normal",60,12,,,
"Arms","6 Sep 2024, 17:40","6 Sep 2024, 18:24","","Triceps Pushdown",,"",1,"normal",60,14,,,
"Arms","6 Sep 2024, 17:40","6 Sep 2024, 18:24","","Triceps Pushdown",,"",2,"normal",85,12,,,
"Back chin focus","4 Sep 2024, 17:03","4 Sep 2024, 19:21","","Seated Cable Row - Bar Grip",,"",0,"normal",90,8,,,
"Back chin focus","4 Sep 2024, 17:03","4 Sep 2024, 19:21","","Seated Cable Row - Bar Grip",,"",1,"normal",140,7,,,
"Back chin focus","4 Sep 2024, 17:03","4 Sep 2024, 19:21","","Seated Cable Row - Bar Grip",,"",2,"normal",180,15,,,
"Back chin focus","4 Sep 2024, 17:03","4 Sep 2024, 19:21","","Seated Cable Row - Bar Grip",,"",3,"normal",150,15,,,
"Back chin focus","4 Sep 2024, 17:03","4 Sep 2024, 19:21","","Seated Cable Row - Bar Grip",,"",4,"normal",200,12,,,
"Back chin focus","4 Sep 2024, 17:03","4 Sep 2024, 19:21","","Bent Over Row (Barbell)",,"",0,"normal",135,10,,,
"Back chin focus","4 Sep 2024, 17:03","4 Sep 2024, 19:21","","Bent Over Row (Barbell)",,"",1,"normal",185,8,,,
"Back chin focus","4 Sep 2024, 17:03","4 Sep 2024, 19:21","","Bent Over Row (Barbell)",,"",2,"normal",185,10,,,
"Back chin focus","4 Sep 2024, 17:03","4 Sep 2024, 19:21","","Bent Over Row (Barbell)",,"",3,"normal",185,14,,,
"Back chin focus","4 Sep 2024, 17:03","4 Sep 2024, 19:21","","Deadlift (Barbell)",,"",0,"normal",135,8,,,
"Back chin focus","4 Sep 2024, 17:03","4 Sep 2024, 19:21","","Deadlift (Barbell)",,"",1,"normal",225,6,,,
"Back chin focus","4 Sep 2024, 17:03","4 Sep 2024, 19:21","","Deadlift (Barbell)",,"",2,"normal",315,6,,,
"Back chin focus","4 Sep 2024, 17:03","4 Sep 2024, 19:21","","Deadlift (Barbell)",,"",3,"normal",405,3,,,
"Back chin focus","4 Sep 2024, 17:03","4 Sep 2024, 19:21","","Lat Pulldown (Cable)",,"",0,"normal",100,10,,,
"Back chin focus","4 Sep 2024, 17:03","4 Sep 2024, 19:21","","Lat Pulldown (Cable)",,"",1,"normal",100,10,,,
"Back chin focus","4 Sep 2024, 17:03","4 Sep 2024, 19:21","","Lat Pulldown (Cable)",,"",2,"normal",100,10,,,
"New Chest","3 Sep 2024, 17:19","3 Sep 2024, 21:26","","Incline Bench Press (Smith Machine)",,"",0,"normal",95,10,,,
"New Chest","3 Sep 2024, 17:19","3 Sep 2024, 21:26","","Incline Bench Press (Smith Machine)",,"",1,"normal",95,10,,,
"New Chest","3 Sep 2024, 17:19","3 Sep 2024, 21:26","","Incline Bench Press (Smith Machine)",,"",2,"normal",135,10,,,
"New Chest","3 Sep 2024, 17:19","3 Sep 2024, 21:26","","Incline Bench Press (Smith Machine)",,"",3,"normal",155,13,,,
"New Chest","3 Sep 2024, 17:19","3 Sep 2024, 21:26","","Incline Bench Press (Smith Machine)",,"",4,"normal",155,15,,,
"New Chest","3 Sep 2024, 17:19","3 Sep 2024, 21:26","","Chest Dip (Assisted)",,"",0,"normal",,10,,,
"New Chest","3 Sep 2024, 17:19","3 Sep 2024, 21:26","","Chest Dip (Assisted)",,"",1,"normal",80,15,,,
"New Chest","3 Sep 2024, 17:19","3 Sep 2024, 21:26","","Chest Dip (Assisted)",,"",2,"normal",80,12,,,
"New Chest","3 Sep 2024, 17:19","3 Sep 2024, 21:26","","Bench Press (Dumbbell)",,"Officially decided to find somewhere else to train.",0,"normal",40,10,,,
"New Chest","3 Sep 2024, 17:19","3 Sep 2024, 21:26","","Bench Press (Dumbbell)",,"Officially decided to find somewhere else to train.",1,"normal",55,6,,,
"New Chest","3 Sep 2024, 17:19","3 Sep 2024, 21:26","","Bench Press (Dumbbell)",,"Officially decided to find somewhere else to train.",2,"normal",70,6,,,
"Legs and arms","1 Sep 2024, 13:46","1 Sep 2024, 14:58","","Wrist Roller",,"",0,"normal",70,10,,,
"Legs and arms","1 Sep 2024, 13:46","1 Sep 2024, 14:58","","Wrist Roller",,"",1,"normal",70,10,,,
"Legs and arms","1 Sep 2024, 13:46","1 Sep 2024, 14:58","","Wrist Roller",,"",2,"normal",70,10,,,
"Legs and arms","1 Sep 2024, 13:46","1 Sep 2024, 14:58","","Romanian Deadlift (Barbell)",,"",0,"normal",135,8,,,
"Legs and arms","1 Sep 2024, 13:46","1 Sep 2024, 14:58","","Romanian Deadlift (Barbell)",,"",1,"normal",135,8,,,
"Legs and arms","1 Sep 2024, 13:46","1 Sep 2024, 14:58","","Romanian Deadlift (Barbell)",,"",2,"normal",185,7,,,
"Legs and arms","1 Sep 2024, 13:46","1 Sep 2024, 14:58","","Romanian Deadlift (Barbell)",,"",3,"normal",185,8,,,
"Legs and arms","1 Sep 2024, 13:46","1 Sep 2024, 14:58","","Romanian Deadlift (Barbell)",,"",4,"normal",185,8,,,
"Legs and arms","1 Sep 2024, 13:46","1 Sep 2024, 14:58","","Lying Leg Curl (Machine)",,"",0,"normal",70,14,,,
"Legs and arms","1 Sep 2024, 13:46","1 Sep 2024, 14:58","","Lying Leg Curl (Machine)",,"",1,"normal",120,12,,,
"Legs and arms","1 Sep 2024, 13:46","1 Sep 2024, 14:58","","Lying Leg Curl (Machine)",,"",2,"normal",100,8,,,
"Legs and arms","1 Sep 2024, 13:46","1 Sep 2024, 14:58","","Lying Leg Curl (Machine)",,"",3,"normal",100,8,,,
"Legs and arms","1 Sep 2024, 13:46","1 Sep 2024, 14:58","","Leg Extension (Machine)",,"",0,"normal",60,20,,,
"Legs and arms","1 Sep 2024, 13:46","1 Sep 2024, 14:58","","Leg Extension (Machine)",,"",1,"normal",60,14,,,
"Legs and arms","1 Sep 2024, 13:46","1 Sep 2024, 14:58","","Leg Extension (Machine)",,"",2,"normal",80,15,,,
"Legs and arms","1 Sep 2024, 13:46","1 Sep 2024, 14:58","","Leg Extension (Machine)",,"",3,"normal",80,15,,,
"Legs and arms","1 Sep 2024, 13:46","1 Sep 2024, 14:58","","Leg Extension (Machine)",,"",4,"normal",120,8,,,
"Legs and arms","1 Sep 2024, 13:46","1 Sep 2024, 14:58","","Bulgarian Split Squat (Dumbbell)",,"",0,"normal",,5,,,
"Legs and arms","1 Sep 2024, 13:46","1 Sep 2024, 14:58","","Bulgarian Split Squat (Dumbbell)",,"",1,"normal",,5,,,
"Legs and arms","1 Sep 2024, 13:46","1 Sep 2024, 14:58","","Bulgarian Split Squat (Dumbbell)",,"",2,"normal",,14,,,
"Legs and arms","1 Sep 2024, 13:46","1 Sep 2024, 14:58","","Bulgarian Split Squat (Dumbbell)",,"",3,"normal",,12,,,
"Legs and arms","1 Sep 2024, 13:46","1 Sep 2024, 14:58","","Bulgarian Split Squat (Dumbbell)",,"",4,"normal",,12,,,
"Legs and arms","1 Sep 2024, 13:46","1 Sep 2024, 14:58","","Bulgarian Split Squat (Dumbbell)",,"",5,"normal",,12,,,
"Legs and arms","1 Sep 2024, 13:46","1 Sep 2024, 14:58","","Walking Lunge",,"",0,"normal",,10,,,
"Afternoon workout 💪","31 Aug 2024, 11:37","31 Aug 2024, 13:42","","Lateral Raise (Dumbbell)",,"",0,"normal",5,10,,,
"Afternoon workout 💪","31 Aug 2024, 11:37","31 Aug 2024, 13:42","","Lateral Raise (Dumbbell)",,"",1,"normal",5,10,,,
"Afternoon workout 💪","31 Aug 2024, 11:37","31 Aug 2024, 13:42","","Lateral Raise (Dumbbell)",,"",2,"normal",8,14,,,
"Afternoon workout 💪","31 Aug 2024, 11:37","31 Aug 2024, 13:42","","Lateral Raise (Dumbbell)",,"",3,"normal",8,14,,,
"Afternoon workout 💪","31 Aug 2024, 11:37","31 Aug 2024, 13:42","","Lateral Raise (Dumbbell)",,"",4,"normal",10,10,,,
"Afternoon workout 💪","31 Aug 2024, 11:37","31 Aug 2024, 13:42","","Lateral Raise (Dumbbell)",,"",5,"normal",10,10,,,
"Afternoon workout 💪","31 Aug 2024, 11:37","31 Aug 2024, 13:42","","Lateral Raise (Dumbbell)",,"",6,"normal",12,8,,,
"Afternoon workout 💪","31 Aug 2024, 11:37","31 Aug 2024, 13:42","","Lateral Raise (Dumbbell)",,"",7,"normal",12,8,,,
"Afternoon workout 💪","31 Aug 2024, 11:37","31 Aug 2024, 13:42","","Lateral Raise (Dumbbell)",,"",8,"normal",15,8,,,
"Afternoon workout 💪","31 Aug 2024, 11:37","31 Aug 2024, 13:42","","Lateral Raise (Dumbbell)",,"",9,"normal",15,8,,,
"Afternoon workout 💪","31 Aug 2024, 11:37","31 Aug 2024, 13:42","","Lateral Raise (Dumbbell)",,"",10,"normal",15,8,,,
"Afternoon workout 💪","31 Aug 2024, 11:37","31 Aug 2024, 13:42","","Lateral Raise (Dumbbell)",,"",11,"normal",15,8,,,
"Afternoon workout 💪","31 Aug 2024, 11:37","31 Aug 2024, 13:42","","Triceps Pushdown",,"",0,"normal",60,10,,,
"Afternoon workout 💪","31 Aug 2024, 11:37","31 Aug 2024, 13:42","","Triceps Pushdown",,"",1,"normal",80,14,,,
"Afternoon workout 💪","31 Aug 2024, 11:37","31 Aug 2024, 13:42","","Triceps Pushdown",,"",2,"normal",60,7,,,
"Afternoon workout 💪","31 Aug 2024, 11:37","31 Aug 2024, 13:42","","Triceps Pushdown",,"",3,"normal",70,8,,,
"Afternoon workout 💪","31 Aug 2024, 11:37","31 Aug 2024, 13:42","","Triceps Pushdown",,"",4,"normal",70,8,,,
"Afternoon workout 💪","31 Aug 2024, 11:37","31 Aug 2024, 13:42","","Triceps Pushdown",,"",5,"normal",70,9,,,
"Afternoon workout 💪","31 Aug 2024, 11:37","31 Aug 2024, 13:42","","Triceps Pushdown",,"",6,"normal",70,10,,,
"Afternoon workout 💪","31 Aug 2024, 11:37","31 Aug 2024, 13:42","","Triceps Pushdown",,"",7,"normal",40,8,,,
"Afternoon workout 💪","31 Aug 2024, 11:37","31 Aug 2024, 13:42","","Upright Row (Barbell)",0,"",0,"normal",45,10,,,
"Afternoon workout 💪","31 Aug 2024, 11:37","31 Aug 2024, 13:42","","Upright Row (Barbell)",0,"",1,"normal",45,14,,,
"Afternoon workout 💪","31 Aug 2024, 11:37","31 Aug 2024, 13:42","","Upright Row (Barbell)",0,"",2,"normal",55,12,,,
"Afternoon workout 💪","31 Aug 2024, 11:37","31 Aug 2024, 13:42","","Upright Row (Barbell)",0,"",3,"normal",55,10,,,
"Afternoon workout 💪","31 Aug 2024, 11:37","31 Aug 2024, 13:42","","Face Pull",0,"",0,"normal",45,8,,,
"Afternoon workout 💪","31 Aug 2024, 11:37","31 Aug 2024, 13:42","","Face Pull",0,"",1,"normal",55,3,,,
"Afternoon workout 💪","31 Aug 2024, 11:37","31 Aug 2024, 13:42","","Seated Incline Curl (Dumbbell)",1,"",0,"normal",15,12,,,
"Afternoon workout 💪","31 Aug 2024, 11:37","31 Aug 2024, 13:42","","Seated Incline Curl (Dumbbell)",1,"",1,"normal",15,15,,,
"Afternoon workout 💪","31 Aug 2024, 11:37","31 Aug 2024, 13:42","","Seated Incline Curl (Dumbbell)",1,"",2,"normal",15,15,,,
"Afternoon workout 💪","31 Aug 2024, 11:37","31 Aug 2024, 13:42","","EZ Bar Biceps Curl",1,"",0,"normal",20,11,,,
"Afternoon workout 💪","31 Aug 2024, 11:37","31 Aug 2024, 13:42","","EZ Bar Biceps Curl",1,"",1,"normal",20,10,,,
"Afternoon workout 💪","31 Aug 2024, 11:37","31 Aug 2024, 13:42","","EZ Bar Biceps Curl",1,"",2,"normal",20,10,,,
"Afternoon workout 💪","31 Aug 2024, 11:37","31 Aug 2024, 13:42","","EZ Bar Biceps Curl",1,"",3,"normal",10,12,,,
"Morning workout ☀️","30 Aug 2024, 07:51","30 Aug 2024, 09:29","","Seated Row (Machine)",,"",0,"normal",70,10,,,
"Morning workout ☀️","30 Aug 2024, 07:51","30 Aug 2024, 09:29","","Seated Row (Machine)",,"",1,"normal",70,10,,,
"Morning workout ☀️","30 Aug 2024, 07:51","30 Aug 2024, 09:29","","Seated Row (Machine)",,"",2,"normal",90,10,,,
"Morning workout ☀️","30 Aug 2024, 07:51","30 Aug 2024, 09:29","","Seated Row (Machine)",,"",3,"normal",120,10,,,
"Morning workout ☀️","30 Aug 2024, 07:51","30 Aug 2024, 09:29","","Seated Row (Machine)",,"",4,"normal",140,10,,,
"Morning workout ☀️","30 Aug 2024, 07:51","30 Aug 2024, 09:29","","Seated Row (Machine)",,"",5,"normal",160,10,,,
"Morning workout ☀️","30 Aug 2024, 07:51","30 Aug 2024, 09:29","","Bent Over Row (Barbell)",,"",0,"normal",135,10,,,
"Morning workout ☀️","30 Aug 2024, 07:51","30 Aug 2024, 09:29","","Bent Over Row (Barbell)",,"",1,"normal",225,6,,,
"Morning workout ☀️","30 Aug 2024, 07:51","30 Aug 2024, 09:29","","Bent Over Row (Barbell)",,"",2,"normal",225,9,,,
"Morning workout ☀️","30 Aug 2024, 07:51","30 Aug 2024, 09:29","","Bent Over Row (Barbell)",,"",3,"normal",225,8,,,
"Morning workout ☀️","30 Aug 2024, 07:51","30 Aug 2024, 09:29","","Lat Pulldown (Cable)",,"",0,"normal",70,10,,,
"Morning workout ☀️","30 Aug 2024, 07:51","30 Aug 2024, 09:29","","Lat Pulldown (Cable)",,"",1,"normal",100,6,,,
"Morning workout ☀️","30 Aug 2024, 07:51","30 Aug 2024, 09:29","","Lat Pulldown (Cable)",,"",2,"normal",120,8,,,
"Morning workout ☀️","30 Aug 2024, 07:51","30 Aug 2024, 09:29","","Lat Pulldown (Cable)",,"",3,"normal",140,9,,,
"Morning workout ☀️","30 Aug 2024, 07:51","30 Aug 2024, 09:29","","Lat Pulldown (Cable)",,"",4,"normal",140,5,,,
"Morning workout ☀️","30 Aug 2024, 07:51","30 Aug 2024, 09:29","","Lat Pulldown (Cable)",,"",5,"normal",140,3,,,
"Morning workout ☀️","30 Aug 2024, 07:51","30 Aug 2024, 09:29","","Deadlift (Barbell)",,"",0,"normal",225,10,,,
"Morning workout ☀️","30 Aug 2024, 07:51","30 Aug 2024, 09:29","","Deadlift (Barbell)",,"",1,"normal",315,7,,,
"Morning workout ☀️","30 Aug 2024, 07:51","30 Aug 2024, 09:29","","Back Extension (Hyperextension)",,"",0,"normal",,10,,,
"Morning workout ☀️","30 Aug 2024, 07:51","30 Aug 2024, 09:29","","Back Extension (Hyperextension)",,"",1,"normal",,10,,,
"Morning workout ☀️","30 Aug 2024, 07:51","30 Aug 2024, 09:29","","Back Extension (Hyperextension)",,"",2,"normal",,13,,,
"Legs and arms","29 Aug 2024, 18:44","29 Aug 2024, 19:24","","Lying Leg Curl (Machine)",,"",0,"normal",70,12,,,
"Legs and arms","29 Aug 2024, 18:44","29 Aug 2024, 19:24","","Lying Leg Curl (Machine)",,"",1,"normal",100,12,,,
"Legs and arms","29 Aug 2024, 18:44","29 Aug 2024, 19:24","","Lying Leg Curl (Machine)",,"",2,"normal",120,6,,,
"Legs and arms","29 Aug 2024, 18:44","29 Aug 2024, 19:24","","Squat (Smith Machine)",,"",0,"normal",135,8,,,
"Legs and arms","29 Aug 2024, 18:44","29 Aug 2024, 19:24","","Squat (Smith Machine)",,"",1,"normal",225,8,,,
"Legs and arms","29 Aug 2024, 18:44","29 Aug 2024, 19:24","","Squat (Smith Machine)",,"",2,"normal",295,5,,,
"New Chest","28 Aug 2024, 13:56","28 Aug 2024, 15:53","","Decline Bench Press (Smith Machine)",,"",0,"normal",95,8,,,
"New Chest","28 Aug 2024, 13:56","28 Aug 2024, 15:53","","Decline Bench Press (Smith Machine)",,"",1,"normal",95,8,,,
"New Chest","28 Aug 2024, 13:56","28 Aug 2024, 15:53","","Decline Bench Press (Smith Machine)",,"",2,"normal",135,7,,,
"New Chest","28 Aug 2024, 13:56","28 Aug 2024, 15:53","","Decline Bench Press (Smith Machine)",,"",3,"normal",185,7,,,
"New Chest","28 Aug 2024, 13:56","28 Aug 2024, 15:53","","Decline Bench Press (Smith Machine)",,"",4,"normal",185,8,,,
"New Chest","28 Aug 2024, 13:56","28 Aug 2024, 15:53","","Decline Bench Press (Smith Machine)",,"",5,"normal",205,10,,,
"New Chest","28 Aug 2024, 13:56","28 Aug 2024, 15:53","","Decline Bench Press (Smith Machine)",,"",6,"normal",205,10,,,
"New Chest","28 Aug 2024, 13:56","28 Aug 2024, 15:53","","Decline Bench Press (Smith Machine)",,"",7,"normal",205,8,,,
"New Chest","28 Aug 2024, 13:56","28 Aug 2024, 15:53","","Incline Bench Press (Dumbbell)",,"",0,"normal",40,7,,,
"New Chest","28 Aug 2024, 13:56","28 Aug 2024, 15:53","","Incline Bench Press (Dumbbell)",,"",1,"normal",80,8,,,
"New Chest","28 Aug 2024, 13:56","28 Aug 2024, 15:53","","Incline Bench Press (Dumbbell)",,"",2,"normal",80,10,,,
"New Chest","28 Aug 2024, 13:56","28 Aug 2024, 15:53","","Push Up",,"",0,"normal",,20,,,
"New Chest","28 Aug 2024, 13:56","28 Aug 2024, 15:53","","Push Up",,"",1,"normal",,12,,,
"New Chest","28 Aug 2024, 13:56","28 Aug 2024, 15:53","","Push Up",,"",2,"normal",,6,,,
"New Chest","28 Aug 2024, 13:56","28 Aug 2024, 15:53","","Seated Incline Curl (Dumbbell)",,"",0,"normal",15,12,,,
"New Chest","28 Aug 2024, 13:56","28 Aug 2024, 15:53","","Seated Incline Curl (Dumbbell)",,"",1,"normal",15,15,,,
"New Chest","28 Aug 2024, 13:56","28 Aug 2024, 15:53","","Seated Incline Curl (Dumbbell)",,"",2,"normal",20,15,,,
"New Chest","28 Aug 2024, 13:56","28 Aug 2024, 15:53","","Seated Incline Curl (Dumbbell)",,"",3,"normal",20,12,,,
"New Chest","28 Aug 2024, 13:56","28 Aug 2024, 15:53","","Seated Incline Curl (Dumbbell)",,"",4,"normal",25,8,,,
"New Chest","28 Aug 2024, 13:56","28 Aug 2024, 15:53","","Concentration Curl",,"",0,"normal",20,10,,,
"New Chest","28 Aug 2024, 13:56","28 Aug 2024, 15:53","","Concentration Curl",,"",1,"normal",20,10,,,
"New Chest","28 Aug 2024, 13:56","28 Aug 2024, 15:53","","Preacher Curl (Machine)",,"",0,"normal",30,10,,,
"New Chest","28 Aug 2024, 13:56","28 Aug 2024, 15:53","","Preacher Curl (Machine)",,"",1,"normal",30,10,,,
"New Chest","28 Aug 2024, 13:56","28 Aug 2024, 15:53","","Preacher Curl (Machine)",,"",2,"normal",30,10,,,
"Deads","25 Aug 2024, 16:50","25 Aug 2024, 18:34","","Deadlift (Barbell)",,"",0,"normal",45,5,,,
"Deads","25 Aug 2024, 16:50","25 Aug 2024, 18:34","","Deadlift (Barbell)",,"",1,"normal",135,5,,,
"Deads","25 Aug 2024, 16:50","25 Aug 2024, 18:34","","Deadlift (Barbell)",,"",2,"normal",225,5,,,
"Deads","25 Aug 2024, 16:50","25 Aug 2024, 18:34","","Deadlift (Barbell)",,"",3,"normal",315,5,,,
"Deads","25 Aug 2024, 16:50","25 Aug 2024, 18:34","","Deadlift (Barbell)",,"",4,"normal",315,5,,,
"Deads","25 Aug 2024, 16:50","25 Aug 2024, 18:34","","Deadlift (Barbell)",,"",5,"normal",315,5,,,
"Deads","25 Aug 2024, 16:50","25 Aug 2024, 18:34","","Scapular Pull Ups",,"",0,"normal",,10,,,
"Deads","25 Aug 2024, 16:50","25 Aug 2024, 18:34","","Scapular Pull Ups",,"",1,"normal",,5,,,
"Deads","25 Aug 2024, 16:50","25 Aug 2024, 18:34","","Lat Pulldown (Cable)",,"",0,"normal",120,10,,,
"Deads","25 Aug 2024, 16:50","25 Aug 2024, 18:34","","Lat Pulldown (Cable)",,"",1,"normal",140,9,,,
"Deads","25 Aug 2024, 16:50","25 Aug 2024, 18:34","","Lat Pulldown (Cable)",,"",2,"normal",140,14,,,
"Deads","25 Aug 2024, 16:50","25 Aug 2024, 18:34","","Lat Pulldown (Cable)",,"",3,"normal",160,8,,,
"Deads","25 Aug 2024, 16:50","25 Aug 2024, 18:34","","Chin Up (Assisted)",,"",0,"normal",80,5,,,
"Deads","25 Aug 2024, 16:50","25 Aug 2024, 18:34","","Chin Up (Assisted)",,"",1,"normal",80,5,,,
"Deads","25 Aug 2024, 16:50","25 Aug 2024, 18:34","","Chin Up (Assisted)",,"",2,"normal",80,7,,,
"Deads","25 Aug 2024, 16:50","25 Aug 2024, 18:34","","Preacher Curl (Machine)",,"",0,"normal",40,10,,,
"Deads","25 Aug 2024, 16:50","25 Aug 2024, 18:34","","Preacher Curl (Machine)",,"",1,"normal",40,10,,,
"Deads","25 Aug 2024, 16:50","25 Aug 2024, 18:34","","Preacher Curl (Machine)",,"",2,"normal",40,10,,,
"Deads","25 Aug 2024, 16:50","25 Aug 2024, 18:34","","Bicep Curl (Barbell)",,"",0,"normal",40,6,,,
"Deads","25 Aug 2024, 16:50","25 Aug 2024, 18:34","","Bicep Curl (Barbell)",,"",1,"normal",40,6,,,
"Deads","25 Aug 2024, 16:50","25 Aug 2024, 18:34","","Bicep Curl (Barbell)",,"",2,"normal",40,8,,,
"New Chest","23 Aug 2024, 18:42","23 Aug 2024, 19:15","","Decline Bench Press (Smith Machine)",,"",0,"normal",135,10,,,
"New Chest","23 Aug 2024, 18:42","23 Aug 2024, 19:15","","Decline Bench Press (Smith Machine)",,"",1,"normal",185,8,,,
"New Chest","23 Aug 2024, 18:42","23 Aug 2024, 19:15","","Decline Bench Press (Smith Machine)",,"",2,"normal",185,5,,,
"New Chest","23 Aug 2024, 18:42","23 Aug 2024, 19:15","","Decline Bench Press (Smith Machine)",,"",3,"normal",205,6,,,
"New Chest","23 Aug 2024, 18:42","23 Aug 2024, 19:15","","Decline Bench Press (Smith Machine)",,"",4,"normal",225,5,,,
"New Chest","23 Aug 2024, 18:42","23 Aug 2024, 19:15","","Decline Bench Press (Smith Machine)",,"",5,"normal",245,5,,,
"New Chest","23 Aug 2024, 18:42","23 Aug 2024, 19:15","","Decline Bench Press (Smith Machine)",,"",6,"normal",245,5,,,
"New Chest","23 Aug 2024, 18:42","23 Aug 2024, 19:15","","Chest Dip",,"",0,"normal",,8,,,
"New Chest","23 Aug 2024, 18:42","23 Aug 2024, 19:15","","Chest Dip",,"",1,"normal",,10,,,
"New Chest","23 Aug 2024, 18:42","23 Aug 2024, 19:15","","Chest Dip",,"",2,"normal",,10,,,
"New Chest","23 Aug 2024, 18:42","23 Aug 2024, 19:15","","Chest Dip",,"",3,"normal",,12,,,
"New Chest","23 Aug 2024, 18:42","23 Aug 2024, 19:15","","Chest Dip",,"",4,"normal",,12,,,
"New Chest","23 Aug 2024, 18:42","23 Aug 2024, 19:15","","Incline Bench Press (Dumbbell)",,"",0,"normal",50,12,,,
"New Chest","23 Aug 2024, 18:42","23 Aug 2024, 19:15","","Incline Bench Press (Dumbbell)",,"",1,"normal",70,6,,,
"New Chest","23 Aug 2024, 18:42","23 Aug 2024, 19:15","","Incline Bench Press (Dumbbell)",,"",2,"normal",70,6,,,
"Legs and arms","22 Aug 2024, 14:00","22 Aug 2024, 15:00","","Seated Calf Raise",,"",0,"normal",68,15,,,
"Legs and arms","22 Aug 2024, 14:00","22 Aug 2024, 15:00","","Seated Calf Raise",,"",1,"normal",65,15,,,
"Legs and arms","22 Aug 2024, 14:00","22 Aug 2024, 15:00","","Bulgarian Split Squat (Dumbbell)",,"",0,"normal",,6,,,
"Legs and arms","22 Aug 2024, 14:00","22 Aug 2024, 15:00","","Bulgarian Split Squat (Dumbbell)",,"",1,"normal",,6,,,
"Legs and arms","22 Aug 2024, 14:00","22 Aug 2024, 15:00","","Bulgarian Split Squat (Dumbbell)",,"",2,"normal",,4,,,
"Legs and arms","22 Aug 2024, 14:00","22 Aug 2024, 15:00","","Bulgarian Split Squat (Dumbbell)",,"",3,"normal",,6,,,
"Legs and arms","22 Aug 2024, 14:00","22 Aug 2024, 15:00","","Bulgarian Split Squat (Dumbbell)",,"",4,"normal",,6,,,
"Legs and arms","22 Aug 2024, 14:00","22 Aug 2024, 15:00","","Squat (Smith Machine)",,"",0,"normal",135,5,,,
"Legs and arms","22 Aug 2024, 14:00","22 Aug 2024, 15:00","","Squat (Smith Machine)",,"",1,"normal",135,5,,,
"Legs and arms","22 Aug 2024, 14:00","22 Aug 2024, 15:00","","Squat (Smith Machine)",,"",2,"normal",225,5,,,
"Legs and arms","22 Aug 2024, 14:00","22 Aug 2024, 15:00","","Squat (Smith Machine)",,"",3,"normal",225,5,,,
"New Chest","18 Aug 2024, 15:47","18 Aug 2024, 17:58","","Decline Bench Press (Smith Machine)",,"",0,"normal",95,10,,,
"New Chest","18 Aug 2024, 15:47","18 Aug 2024, 17:58","","Decline Bench Press (Smith Machine)",,"",1,"normal",135,8,,,
"New Chest","18 Aug 2024, 15:47","18 Aug 2024, 17:58","","Decline Bench Press (Smith Machine)",,"",2,"normal",185,5,,,
"New Chest","18 Aug 2024, 15:47","18 Aug 2024, 17:58","","Decline Bench Press (Smith Machine)",,"",3,"normal",205,5,,,
"New Chest","18 Aug 2024, 15:47","18 Aug 2024, 17:58","","Decline Bench Press (Smith Machine)",,"",4,"normal",225,5,,,
"New Chest","18 Aug 2024, 15:47","18 Aug 2024, 17:58","","Decline Bench Press (Smith Machine)",,"",5,"normal",225,5,,,
"New Chest","18 Aug 2024, 15:47","18 Aug 2024, 17:58","","Decline Bench Press (Smith Machine)",,"",6,"normal",225,5,,,
"New Chest","18 Aug 2024, 15:47","18 Aug 2024, 17:58","","Decline Bench Press (Smith Machine)",,"",7,"normal",225,5,,,
"New Chest","18 Aug 2024, 15:47","18 Aug 2024, 17:58","","Decline Bench Press (Smith Machine)",,"",8,"normal",245,5,,,
"New Chest","18 Aug 2024, 15:47","18 Aug 2024, 17:58","","Chest Dip",,"",0,"normal",,10,,,
"New Chest","18 Aug 2024, 15:47","18 Aug 2024, 17:58","","Chest Dip",,"",1,"normal",,10,,,
"New Chest","18 Aug 2024, 15:47","18 Aug 2024, 17:58","","Chest Dip",,"",2,"normal",,8,,,
"New Chest","18 Aug 2024, 15:47","18 Aug 2024, 17:58","","Chest Dip",,"",3,"normal",,5,,,
"New Chest","18 Aug 2024, 15:47","18 Aug 2024, 17:58","","Chest Dip",,"",4,"normal",,10,,,
"New Chest","18 Aug 2024, 15:47","18 Aug 2024, 17:58","","Incline Bench Press (Dumbbell)",,"",0,"normal",50,5,,,
"New Chest","18 Aug 2024, 15:47","18 Aug 2024, 17:58","","Incline Bench Press (Dumbbell)",,"",1,"normal",70,6,,,
"New Chest","18 Aug 2024, 15:47","18 Aug 2024, 17:58","","Incline Bench Press (Dumbbell)",,"",2,"normal",70,8,,,
"New Chest","18 Aug 2024, 15:47","18 Aug 2024, 17:58","","Incline Bench Press (Smith Machine)",,"",0,"normal",135,10,,,
"New Chest","18 Aug 2024, 15:47","18 Aug 2024, 17:58","","Incline Bench Press (Smith Machine)",,"",1,"normal",135,10,,,
"New Chest","18 Aug 2024, 15:47","18 Aug 2024, 17:58","","Incline Bench Press (Smith Machine)",,"",2,"normal",135,10,,,
"New Chest","18 Aug 2024, 15:47","18 Aug 2024, 17:58","","Triceps Pushdown",,"",0,"normal",50,15,,,
"New Chest","18 Aug 2024, 15:47","18 Aug 2024, 17:58","","Triceps Pushdown",,"",1,"normal",50,15,,,
"New Chest","18 Aug 2024, 15:47","18 Aug 2024, 17:58","","Triceps Pushdown",,"",2,"normal",50,12,,,
"New Chest","18 Aug 2024, 15:47","18 Aug 2024, 17:58","","Upright Row (Barbell)",1,"",0,"normal",55,10,,,
"New Chest","18 Aug 2024, 15:47","18 Aug 2024, 17:58","","Upright Row (Barbell)",1,"",1,"normal",55,11,,,
"New Chest","18 Aug 2024, 15:47","18 Aug 2024, 17:58","","Upright Row (Barbell)",1,"",2,"normal",55,15,,,
"New Chest","18 Aug 2024, 15:47","18 Aug 2024, 17:58","","Face Pull",1,"",0,"normal",55,6,,,
"New Chest","18 Aug 2024, 15:47","18 Aug 2024, 17:58","","Face Pull",1,"",1,"normal",55,3,,,
"New Chest","18 Aug 2024, 15:47","18 Aug 2024, 17:58","","Face Pull",1,"",2,"normal",55,7,,,
"Legs and arms","17 Aug 2024, 09:58","17 Aug 2024, 11:50","","Seated Calf Raise",,"",0,"normal",48,20,,,
"Legs and arms","17 Aug 2024, 09:58","17 Aug 2024, 11:50","","Seated Calf Raise",,"",1,"normal",90,15,,,
"Legs and arms","17 Aug 2024, 09:58","17 Aug 2024, 11:50","","Seated Calf Raise",,"",2,"normal",90,15,,,
"Legs and arms","17 Aug 2024, 09:58","17 Aug 2024, 11:50","","Bulgarian Split Squat (Dumbbell)",,"",0,"normal",,6,,,
"Legs and arms","17 Aug 2024, 09:58","17 Aug 2024, 11:50","","Bulgarian Split Squat (Dumbbell)",,"",1,"normal",,6,,,
"Legs and arms","17 Aug 2024, 09:58","17 Aug 2024, 11:50","","Bulgarian Split Squat (Dumbbell)",,"",2,"normal",35,8,,,
"Legs and arms","17 Aug 2024, 09:58","17 Aug 2024, 11:50","","Bulgarian Split Squat (Dumbbell)",,"",3,"normal",35,8,,,
"Legs and arms","17 Aug 2024, 09:58","17 Aug 2024, 11:50","","Bulgarian Split Squat (Dumbbell)",,"",4,"normal",45,6,,,
"Legs and arms","17 Aug 2024, 09:58","17 Aug 2024, 11:50","","Bulgarian Split Squat (Dumbbell)",,"",5,"normal",45,5,,,
"Legs and arms","17 Aug 2024, 09:58","17 Aug 2024, 11:50","","Bulgarian Split Squat (Dumbbell)",,"",6,"normal",,10,,,
"Legs and arms","17 Aug 2024, 09:58","17 Aug 2024, 11:50","","Bulgarian Split Squat (Dumbbell)",,"",7,"normal",,10,,,
"Legs and arms","17 Aug 2024, 09:58","17 Aug 2024, 11:50","","Squat (Smith Machine)",,"",0,"normal",135,10,,,
"Legs and arms","17 Aug 2024, 09:58","17 Aug 2024, 11:50","","Squat (Smith Machine)",,"",1,"normal",185,8,,,
"Legs and arms","17 Aug 2024, 09:58","17 Aug 2024, 11:50","","Squat (Smith Machine)",,"",2,"normal",185,8,,,
"Legs and arms","17 Aug 2024, 09:58","17 Aug 2024, 11:50","","Squat (Smith Machine)",,"",3,"normal",185,5,,,
"Legs and arms","17 Aug 2024, 09:58","17 Aug 2024, 11:50","","Goblet Squat",,"",0,"normal",,15,,,
"Legs and arms","17 Aug 2024, 09:58","17 Aug 2024, 11:50","","Lying Leg Curl (Machine)",,"",0,"normal",80,10,,,
"Legs and arms","17 Aug 2024, 09:58","17 Aug 2024, 11:50","","Lying Leg Curl (Machine)",,"",1,"normal",80,8,,,
"Legs and arms","17 Aug 2024, 09:58","17 Aug 2024, 11:50","","Lying Leg Curl (Machine)",,"",2,"normal",80,6,,,
"Legs and arms","17 Aug 2024, 09:58","17 Aug 2024, 11:50","","Lying Leg Curl (Machine)",,"",3,"normal",80,6,,,
"Legs and arms","17 Aug 2024, 09:58","17 Aug 2024, 11:50","","cossack",,"",0,"normal",,10,,,
"Back chin focus","16 Aug 2024, 09:00","16 Aug 2024, 12:14","","Seated Cable Row - Bar Grip",,"",0,"normal",140,10,,,
"Back chin focus","16 Aug 2024, 09:00","16 Aug 2024, 12:14","","Seated Cable Row - Bar Grip",,"",1,"normal",180,15,,,
"Back chin focus","16 Aug 2024, 09:00","16 Aug 2024, 12:14","","Seated Cable Row - Bar Grip",,"",2,"normal",200,15,,,
"Back chin focus","16 Aug 2024, 09:00","16 Aug 2024, 12:14","","Seated Cable Row - Bar Grip",,"",3,"normal",220,9,,,
"Back chin focus","16 Aug 2024, 09:00","16 Aug 2024, 12:14","","Seated Cable Row - Bar Grip",,"",4,"normal",220,9,,,
"Back chin focus","16 Aug 2024, 09:00","16 Aug 2024, 12:14","","Scapular Pull Ups",,"",0,"normal",,10,,,
"Back chin focus","16 Aug 2024, 09:00","16 Aug 2024, 12:14","","Scapular Pull Ups",,"",1,"normal",,10,,,
"Back chin focus","16 Aug 2024, 09:00","16 Aug 2024, 12:14","","Inverted Row",,"",0,"normal",,8,,,
"Back chin focus","16 Aug 2024, 09:00","16 Aug 2024, 12:14","","Chin Up (Assisted)",,"",0,"normal",100,7,,,
"Back chin focus","16 Aug 2024, 09:00","16 Aug 2024, 12:14","","Chin Up (Assisted)",,"",1,"normal",100,7,,,
"Back chin focus","16 Aug 2024, 09:00","16 Aug 2024, 12:14","","Chin Up (Assisted)",,"",2,"normal",100,8,,,
"Back chin focus","16 Aug 2024, 09:00","16 Aug 2024, 12:14","","Chin Up (Assisted)",,"",3,"normal",100,6,,,
"Back chin focus","16 Aug 2024, 09:00","16 Aug 2024, 12:14","","Lat Pulldown (Cable)",,"",0,"normal",120,9,,,
"Back chin focus","16 Aug 2024, 09:00","16 Aug 2024, 12:14","","Lat Pulldown (Cable)",,"",1,"normal",160,8,,,
"Back chin focus","16 Aug 2024, 09:00","16 Aug 2024, 12:14","","Lat Pulldown (Cable)",,"",2,"normal",140,6,,,
"Back chin focus","16 Aug 2024, 09:00","16 Aug 2024, 12:14","","Lat Pulldown (Cable)",,"",3,"normal",140,8,,,
"Back chin focus","16 Aug 2024, 09:00","16 Aug 2024, 12:14","","Lat Pulldown (Cable)",,"",4,"dropset",140,3,,,
"Back chin focus","16 Aug 2024, 09:00","16 Aug 2024, 12:14","","Dumbbell Row",,"Did a different version of this",0,"normal",40,10,,,
"Back chin focus","16 Aug 2024, 09:00","16 Aug 2024, 12:14","","Dumbbell Row",,"Did a different version of this",1,"normal",40,10,,,
"Back chin focus","16 Aug 2024, 09:00","16 Aug 2024, 12:14","","Dumbbell Row",,"Did a different version of this",2,"normal",40,10,,,
"Back chin focus","16 Aug 2024, 09:00","16 Aug 2024, 12:14","","Dumbbell Row",,"Did a different version of this",3,"normal",40,10,,,
"Arms","13 Aug 2024, 17:13","13 Aug 2024, 19:08","","ywtl",,"",0,"normal",5,10,,,
"Arms","13 Aug 2024, 17:13","13 Aug 2024, 19:08","","ywtl",,"",1,"normal",5,20,,,
"Arms","13 Aug 2024, 17:13","13 Aug 2024, 19:08","","Upright Row (Barbell)",0,"",0,"normal",40,8,,,
"Arms","13 Aug 2024, 17:13","13 Aug 2024, 19:08","","Upright Row (Barbell)",0,"",1,"normal",40,10,,,
"Arms","13 Aug 2024, 17:13","13 Aug 2024, 19:08","","Upright Row (Barbell)",0,"",2,"normal",60,10,,,
"Arms","13 Aug 2024, 17:13","13 Aug 2024, 19:08","","Upright Row (Barbell)",0,"",3,"normal",60,10,,,
"Arms","13 Aug 2024, 17:13","13 Aug 2024, 19:08","","Face Pull",0,"",0,"normal",40,8,,,
"Arms","13 Aug 2024, 17:13","13 Aug 2024, 19:08","","Face Pull",0,"",1,"normal",40,10,,,
"Arms","13 Aug 2024, 17:13","13 Aug 2024, 19:08","","Face Pull",0,"",2,"normal",60,10,,,
"Arms","13 Aug 2024, 17:13","13 Aug 2024, 19:08","","Face Pull",0,"",3,"normal",60,8,,,
"Arms","13 Aug 2024, 17:13","13 Aug 2024, 19:08","","Preacher Curl (Machine)",1,"",0,"normal",30,10,,,
"Arms","13 Aug 2024, 17:13","13 Aug 2024, 19:08","","Preacher Curl (Machine)",1,"",1,"normal",40,10,,,
"Arms","13 Aug 2024, 17:13","13 Aug 2024, 19:08","","Preacher Curl (Machine)",1,"",2,"normal",50,7,,,
"Arms","13 Aug 2024, 17:13","13 Aug 2024, 19:08","","Zottman Curl (Dumbbell)",1,"",0,"normal",60,6,,,
"Arms","13 Aug 2024, 17:13","13 Aug 2024, 19:08","","Zottman Curl (Dumbbell)",1,"",1,"normal",40,10,,,
"Arms","13 Aug 2024, 17:13","13 Aug 2024, 19:08","","Zottman Curl (Dumbbell)",1,"",2,"normal",55,7,,,
"Arms","13 Aug 2024, 17:13","13 Aug 2024, 19:08","","Seated Incline Curl (Dumbbell)",,"",0,"normal",12,10,,,
"Arms","13 Aug 2024, 17:13","13 Aug 2024, 19:08","","Seated Incline Curl (Dumbbell)",,"",1,"normal",15,12,,,
"Afternoon workout 💪","12 Aug 2024, 17:19","12 Aug 2024, 18:51","","Seated Calf Raise",,"",0,"normal",90,15,,,
"Afternoon workout 💪","12 Aug 2024, 17:19","12 Aug 2024, 18:51","","Seated Calf Raise",,"",1,"normal",90,12,,,
"Afternoon workout 💪","12 Aug 2024, 17:19","12 Aug 2024, 18:51","","Seated Calf Raise",,"",2,"normal",90,12,,,
"Afternoon workout 💪","12 Aug 2024, 17:19","12 Aug 2024, 18:51","","Calf Press (Machine)",,"",0,"normal",120,12,,,
"Afternoon workout 💪","12 Aug 2024, 17:19","12 Aug 2024, 18:51","","Calf Press (Machine)",,"",1,"normal",120,12,,,
"Afternoon workout 💪","12 Aug 2024, 17:19","12 Aug 2024, 18:51","","Calf Press (Machine)",,"",2,"normal",120,12,,,
"Afternoon workout 💪","12 Aug 2024, 17:19","12 Aug 2024, 18:51","","Back Extension (Weighted Hyperextension)",,"",0,"normal",,10,,,
"Afternoon workout 💪","12 Aug 2024, 17:19","12 Aug 2024, 18:51","","Back Extension (Weighted Hyperextension)",,"",1,"normal",15,10,,,
"Afternoon workout 💪","12 Aug 2024, 17:19","12 Aug 2024, 18:51","","Back Extension (Weighted Hyperextension)",,"",2,"normal",15,10,,,
"Afternoon workout 💪","12 Aug 2024, 17:19","12 Aug 2024, 18:51","","Back Extension (Weighted Hyperextension)",,"",3,"normal",15,10,,,
"Afternoon workout 💪","12 Aug 2024, 17:19","12 Aug 2024, 18:51","","Lying Leg Curl (Machine)",,"",0,"normal",80,12,,,
"Afternoon workout 💪","12 Aug 2024, 17:19","12 Aug 2024, 18:51","","Lying Leg Curl (Machine)",,"",1,"normal",100,11,,,
"Afternoon workout 💪","12 Aug 2024, 17:19","12 Aug 2024, 18:51","","Lying Leg Curl (Machine)",,"",2,"normal",120,8,,,
"Afternoon workout 💪","12 Aug 2024, 17:19","12 Aug 2024, 18:51","","Lying Leg Curl (Machine)",,"",3,"normal",120,8,,,
"Afternoon workout 💪","12 Aug 2024, 17:19","12 Aug 2024, 18:51","","Lying Leg Curl (Machine)",,"",4,"normal",100,7,,,
"Afternoon workout 💪","12 Aug 2024, 17:19","12 Aug 2024, 18:51","","Romanian Deadlift (Dumbbell)",,"",0,"normal",70,8,,,
"Afternoon workout 💪","12 Aug 2024, 17:19","12 Aug 2024, 18:51","","Romanian Deadlift (Dumbbell)",,"",1,"normal",70,6,,,
"Afternoon workout 💪","12 Aug 2024, 17:19","12 Aug 2024, 18:51","","Deadlift (Barbell)",,"",0,"normal",135,6,,,
"Afternoon workout 💪","12 Aug 2024, 17:19","12 Aug 2024, 18:51","","Deadlift (Barbell)",,"",1,"normal",225,5,,,
"Afternoon workout 💪","12 Aug 2024, 17:19","12 Aug 2024, 18:51","","Deadlift (Barbell)",,"",2,"normal",228,5,,,
"Afternoon workout 💪","12 Aug 2024, 17:19","12 Aug 2024, 18:51","","Deadlift (Barbell)",,"",3,"normal",225,5,,,
"Chest","11 Aug 2024, 11:34","11 Aug 2024, 12:11","","Scapular Pull Ups",,"",0,"normal",,5,,,
"Chest","11 Aug 2024, 11:34","11 Aug 2024, 12:11","","Scapular Pull Ups",,"",1,"normal",,10,,,
"Chest","11 Aug 2024, 11:34","11 Aug 2024, 12:11","","Scapular Pull Ups",,"",2,"normal",,9,,,
"Chest","11 Aug 2024, 11:34","11 Aug 2024, 12:11","","Chin Up (Assisted)",,"",0,"normal",70,5,,,
"Chest","11 Aug 2024, 11:34","11 Aug 2024, 12:11","","Chin Up (Assisted)",,"",1,"normal",70,5,,,
"Chest","11 Aug 2024, 11:34","11 Aug 2024, 12:11","","Chin Up (Assisted)",,"",2,"normal",70,5,,,
"Chest","11 Aug 2024, 11:34","11 Aug 2024, 12:11","","Chest Dip",,"",0,"normal",,5,,,
"Chest","11 Aug 2024, 11:34","11 Aug 2024, 12:11","","Chest Dip",,"",1,"normal",,10,,,
"Chest","11 Aug 2024, 11:34","11 Aug 2024, 12:11","","Chest Dip",,"",2,"normal",,10,,,
"Chest","11 Aug 2024, 11:34","11 Aug 2024, 12:11","","Push Up",1,"",0,"normal",,20,,,
"Chest","11 Aug 2024, 11:34","11 Aug 2024, 12:11","","Push Up",1,"",1,"normal",,15,,,
"Chest","11 Aug 2024, 11:34","11 Aug 2024, 12:11","","Seated Cable Row - Bar Grip",1,"",0,"normal",120,12,,,
"Chest","11 Aug 2024, 11:34","11 Aug 2024, 12:11","","Seated Cable Row - Bar Grip",1,"",1,"normal",200,10,,,
"Chest","11 Aug 2024, 11:34","11 Aug 2024, 12:11","","Seated Cable Row - Bar Grip",1,"",2,"normal",220,10,,,
"Chest","11 Aug 2024, 11:34","11 Aug 2024, 12:11","","Triceps Pushdown",,"",0,"normal",50,10,,,
"Chest","11 Aug 2024, 11:34","11 Aug 2024, 12:11","","Triceps Pushdown",,"",1,"normal",70,10,,,
"Chest","11 Aug 2024, 11:34","11 Aug 2024, 12:11","","Triceps Pushdown",,"",2,"normal",70,10,,,
"Chest","11 Aug 2024, 11:34","11 Aug 2024, 12:11","","Trx Bench Chin",,"",0,"normal",,6,,,
"Chest","11 Aug 2024, 11:34","11 Aug 2024, 12:11","","Trx Bench Chin",,"",1,"normal",,6,,,
"Chest","11 Aug 2024, 11:34","11 Aug 2024, 12:11","","Preacher Curl (Machine)",,"",0,"normal",40,10,,,
"Legs and arms","9 Aug 2024, 17:39","9 Aug 2024, 19:23","","Seated Calf Raise",,"",0,"normal",90,10,,,
"Legs and arms","9 Aug 2024, 17:39","9 Aug 2024, 19:23","","Seated Calf Raise",,"",1,"normal",90,10,,,
"Legs and arms","9 Aug 2024, 17:39","9 Aug 2024, 19:23","","Seated Calf Raise",,"",2,"normal",90,10,,,
"Legs and arms","9 Aug 2024, 17:39","9 Aug 2024, 19:23","","Standing Calf Raise (Machine)",,"",0,"normal",190,10,,,
"Legs and arms","9 Aug 2024, 17:39","9 Aug 2024, 19:23","","Standing Calf Raise (Machine)",,"",1,"normal",110,15,,,
"Legs and arms","9 Aug 2024, 17:39","9 Aug 2024, 19:23","","Standing Calf Raise (Machine)",,"",2,"normal",110,10,,,
"Legs and arms","9 Aug 2024, 17:39","9 Aug 2024, 19:23","","Back Extension (Hyperextension)",,"",0,"normal",,15,,,
"Legs and arms","9 Aug 2024, 17:39","9 Aug 2024, 19:23","","Kickstand Squat",,"",0,"normal",,4,,,
"Legs and arms","9 Aug 2024, 17:39","9 Aug 2024, 19:23","","Goblet Squat",,"",0,"normal",,15,,,
"Legs and arms","9 Aug 2024, 17:39","9 Aug 2024, 19:23","","Lying Leg Curl (Machine)",,"Knees are sore. Hanstrings first.",0,"normal",60,10,,,
"Legs and arms","9 Aug 2024, 17:39","9 Aug 2024, 19:23","","Lying Leg Curl (Machine)",,"Knees are sore. Hanstrings first.",1,"normal",100,9,,,
"Legs and arms","9 Aug 2024, 17:39","9 Aug 2024, 19:23","","Lying Leg Curl (Machine)",,"Knees are sore. Hanstrings first.",2,"normal",100,8,,,
"Legs and arms","9 Aug 2024, 17:39","9 Aug 2024, 19:23","","Lying Leg Curl (Machine)",,"Knees are sore. Hanstrings first.",3,"normal",100,8,,,
"Legs and arms","9 Aug 2024, 17:39","9 Aug 2024, 19:23","","Romanian Deadlift (Barbell)",,"",0,"normal",100,10,,,
"Legs and arms","9 Aug 2024, 17:39","9 Aug 2024, 19:23","","Romanian Deadlift (Barbell)",,"",1,"normal",100,10,,,
"Legs and arms","9 Aug 2024, 17:39","9 Aug 2024, 19:23","","Back Extension (Weighted Hyperextension)",,"",0,"normal",25,10,,,
"New Chest","8 Aug 2024, 13:28","8 Aug 2024, 15:39","","Decline Bench Press (Smith Machine)",,"",0,"normal",115,10,,,
"New Chest","8 Aug 2024, 13:28","8 Aug 2024, 15:39","","Decline Bench Press (Smith Machine)",,"",1,"normal",135,10,,,
"New Chest","8 Aug 2024, 13:28","8 Aug 2024, 15:39","","Decline Bench Press (Smith Machine)",,"",2,"normal",155,6,,,
"New Chest","8 Aug 2024, 13:28","8 Aug 2024, 15:39","","Decline Bench Press (Smith Machine)",,"",3,"normal",185,10,,,
"New Chest","8 Aug 2024, 13:28","8 Aug 2024, 15:39","","Decline Bench Press (Smith Machine)",,"",4,"normal",205,10,,,
"New Chest","8 Aug 2024, 13:28","8 Aug 2024, 15:39","","Decline Bench Press (Smith Machine)",,"",5,"normal",225,10,,,
"New Chest","8 Aug 2024, 13:28","8 Aug 2024, 15:39","","Decline Bench Press (Smith Machine)",,"",6,"normal",245,8,,,
"New Chest","8 Aug 2024, 13:28","8 Aug 2024, 15:39","","Chest Dip",,"",0,"normal",,10,,,
"New Chest","8 Aug 2024, 13:28","8 Aug 2024, 15:39","","Chest Dip",,"",1,"normal",,10,,,
"New Chest","8 Aug 2024, 13:28","8 Aug 2024, 15:39","","Chest Dip",,"",2,"normal",,8,,,
"New Chest","8 Aug 2024, 13:28","8 Aug 2024, 15:39","","Incline Bench Press (Dumbbell)",0,"",0,"normal",35,10,,,
"New Chest","8 Aug 2024, 13:28","8 Aug 2024, 15:39","","Incline Bench Press (Dumbbell)",0,"",1,"normal",55,8,,,
"New Chest","8 Aug 2024, 13:28","8 Aug 2024, 15:39","","Incline Chest Press (Machine)",0,"",0,"normal",50,10,,,
"New Chest","8 Aug 2024, 13:28","8 Aug 2024, 15:39","","Incline Chest Press (Machine)",0,"",1,"normal",50,8,,,
"New Chest","8 Aug 2024, 13:28","8 Aug 2024, 15:39","","Triceps Extension (Dumbbell)",,"",0,"normal",15,15,,,
"New Chest","8 Aug 2024, 13:28","8 Aug 2024, 15:39","","Triceps Extension (Dumbbell)",,"",1,"normal",15,15,,,
"New Chest","8 Aug 2024, 13:28","8 Aug 2024, 15:39","","Triceps Extension (Dumbbell)",,"",2,"normal",15,15,,,
"New Chest","8 Aug 2024, 13:28","8 Aug 2024, 15:39","","Triceps Pushdown",,"",0,"normal",30,30,,,
"New Chest","8 Aug 2024, 13:28","8 Aug 2024, 15:39","","Triceps Pushdown",,"",1,"normal",30,30,,,
"New Chest","8 Aug 2024, 13:28","8 Aug 2024, 15:39","","Triceps Pushdown",,"",2,"normal",30,15,,,
"New Chest","8 Aug 2024, 13:28","8 Aug 2024, 15:39","","Upright Row (Barbell)",1,"",0,"normal",65,10,,,
"New Chest","8 Aug 2024, 13:28","8 Aug 2024, 15:39","","Upright Row (Barbell)",1,"",1,"normal",65,9,,,
"New Chest","8 Aug 2024, 13:28","8 Aug 2024, 15:39","","Upright Row (Barbell)",1,"",2,"normal",60,8,,,
"New Chest","8 Aug 2024, 13:28","8 Aug 2024, 15:39","","Face Pull",1,"",0,"normal",65,8,,,
"New Chest","8 Aug 2024, 13:28","8 Aug 2024, 15:39","","Face Pull",1,"",1,"normal",65,9,,,
"New Chest","8 Aug 2024, 13:28","8 Aug 2024, 15:39","","Face Pull",1,"",2,"normal",60,8,,,
"New Chest","8 Aug 2024, 13:28","8 Aug 2024, 15:39","","Push Up",,"",0,"normal",,11,,,
"New Chest","8 Aug 2024, 13:28","8 Aug 2024, 15:39","","Push Up",,"",1,"normal",,13,,,
"Morning workout ☀️","1 Aug 2024, 09:29","1 Aug 2024, 10:16","","sled drag",,"",0,"normal",90,,0.5,,
"Morning workout ☀️","1 Aug 2024, 09:29","1 Aug 2024, 10:16","","Bulgarian Split Squat (Dumbbell)",,"",0,"normal",,8,,,
"Morning workout ☀️","1 Aug 2024, 09:29","1 Aug 2024, 10:16","","Bulgarian Split Squat (Dumbbell)",,"",1,"normal",,8,,,
"Morning workout ☀️","1 Aug 2024, 09:29","1 Aug 2024, 10:16","","Bulgarian Split Squat (Dumbbell)",,"",2,"normal",15,6,,,
"Morning workout ☀️","1 Aug 2024, 09:29","1 Aug 2024, 10:16","","Bulgarian Split Squat (Dumbbell)",,"",3,"normal",15,6,,,
"Morning workout ☀️","1 Aug 2024, 09:29","1 Aug 2024, 10:16","","Bulgarian Split Squat (Dumbbell)",,"",4,"normal",15,6,,,
"Morning workout ☀️","1 Aug 2024, 09:29","1 Aug 2024, 10:16","","Bulgarian Split Squat (Dumbbell)",,"",5,"normal",15,6,,,
"Morning workout ☀️","1 Aug 2024, 09:29","1 Aug 2024, 10:16","","Bulgarian Split Squat (Dumbbell)",,"",6,"normal",30,8,,,
"Morning workout ☀️","1 Aug 2024, 09:29","1 Aug 2024, 10:16","","Bulgarian Split Squat (Dumbbell)",,"",7,"normal",30,8,,,
"Morning workout ☀️","1 Aug 2024, 09:29","1 Aug 2024, 10:16","","Kettlebell Goblet Squat",,"",0,"normal",70,12,,,
"Evening workout 🏋️","31 Jul 2024, 17:31","31 Jul 2024, 19:48","","ywtl",,"",0,"normal",2.5,10,,,
"Evening workout 🏋️","31 Jul 2024, 17:31","31 Jul 2024, 19:48","","ywtl",,"",1,"normal",2.5,30,,,
"Evening workout 🏋️","31 Jul 2024, 17:31","31 Jul 2024, 19:48","","ywtl",,"",2,"normal",2.5,30,,,
"Evening workout 🏋️","31 Jul 2024, 17:31","31 Jul 2024, 19:48","","Upright Row (Barbell)",0,"",0,"normal",25,10,,,
"Evening workout 🏋️","31 Jul 2024, 17:31","31 Jul 2024, 19:48","","Upright Row (Barbell)",0,"",1,"normal",45,10,,,
"Evening workout 🏋️","31 Jul 2024, 17:31","31 Jul 2024, 19:48","","Upright Row (Barbell)",0,"",2,"normal",55,10,,,
"Evening workout 🏋️","31 Jul 2024, 17:31","31 Jul 2024, 19:48","","Upright Row (Barbell)",0,"",3,"normal",55,12,,,
"Evening workout 🏋️","31 Jul 2024, 17:31","31 Jul 2024, 19:48","","Face Pull",0,"",0,"normal",25,10,,,
"Evening workout 🏋️","31 Jul 2024, 17:31","31 Jul 2024, 19:48","","Face Pull",0,"",1,"normal",45,10,,,
"Evening workout 🏋️","31 Jul 2024, 17:31","31 Jul 2024, 19:48","","Face Pull",0,"",2,"normal",55,11,,,
"Evening workout 🏋️","31 Jul 2024, 17:31","31 Jul 2024, 19:48","","Face Pull",0,"",3,"normal",55,12,,,
"Evening workout 🏋️","31 Jul 2024, 17:31","31 Jul 2024, 19:48","","Lateral Raise (Dumbbell)",,"",0,"normal",10,10,,,
"Evening workout 🏋️","31 Jul 2024, 17:31","31 Jul 2024, 19:48","","Lateral Raise (Dumbbell)",,"",1,"normal",15,10,,,
"Evening workout 🏋️","31 Jul 2024, 17:31","31 Jul 2024, 19:48","","Lateral Raise (Dumbbell)",,"",2,"normal",15,15,,,
"Evening workout 🏋️","31 Jul 2024, 17:31","31 Jul 2024, 19:48","","external rotations",,"",0,"normal",10,10,,,
"Evening workout 🏋️","31 Jul 2024, 17:31","31 Jul 2024, 19:48","","external rotations",,"",1,"normal",10,10,,,
"Evening workout 🏋️","31 Jul 2024, 17:31","31 Jul 2024, 19:48","","external rotations",,"",2,"normal",10,10,,,
"Evening workout 🏋️","31 Jul 2024, 17:31","31 Jul 2024, 19:48","","external rotations",,"",3,"normal",10,10,,,
"Afternoon workout 💪","30 Jul 2024, 10:53","30 Jul 2024, 11:33","","Sled Push",,"135 pounds",0,"normal",,,1.2,1800,
"Afternoon workout 💪","30 Jul 2024, 10:53","30 Jul 2024, 11:33","","Lying Leg Curl (Machine)",,"",0,"normal",90,12,,,
"Afternoon workout 💪","30 Jul 2024, 10:53","30 Jul 2024, 11:33","","Lying Leg Curl (Machine)",,"",1,"normal",90,10,,,
"Chest","29 Jul 2024, 19:12","29 Jul 2024, 20:10","","Scapular Pull Ups",,"Last swt wide grip",0,"normal",,5,,,
"Chest","29 Jul 2024, 19:12","29 Jul 2024, 20:10","","Scapular Pull Ups",,"Last swt wide grip",1,"normal",,10,,,
"Chest","29 Jul 2024, 19:12","29 Jul 2024, 20:10","","Scapular Pull Ups",,"Last swt wide grip",2,"normal",,7,,,
"Chest","29 Jul 2024, 19:12","29 Jul 2024, 20:10","","Chest Dip",0,"Lot slower.",0,"normal",,5,,,
"Chest","29 Jul 2024, 19:12","29 Jul 2024, 20:10","","Chest Dip",0,"Lot slower.",1,"normal",,6,,,
"Chest","29 Jul 2024, 19:12","29 Jul 2024, 20:10","","Chest Dip",0,"Lot slower.",2,"normal",,8,,,
"Chest","29 Jul 2024, 19:12","29 Jul 2024, 20:10","","Chin Up (Assisted)",0,"",0,"normal",80,5,,,
"Chest","29 Jul 2024, 19:12","29 Jul 2024, 20:10","","Chin Up (Assisted)",0,"",1,"normal",80,8,,,
"Chest","29 Jul 2024, 19:12","29 Jul 2024, 20:10","","Chin Up (Assisted)",0,"",2,"normal",60,7,,,
"Chest","29 Jul 2024, 19:12","29 Jul 2024, 20:10","","Push Up",1,"",0,"normal",,11,,,
"Chest","29 Jul 2024, 19:12","29 Jul 2024, 20:10","","Push Up",1,"",1,"normal",,13,,,
"Chest","29 Jul 2024, 19:12","29 Jul 2024, 20:10","","Push Up",1,"",2,"normal",,16,,,
"Chest","29 Jul 2024, 19:12","29 Jul 2024, 20:10","","Seated Cable Row - Bar Grip",1,"",0,"normal",100,10,,,
"Chest","29 Jul 2024, 19:12","29 Jul 2024, 20:10","","Seated Cable Row - Bar Grip",1,"",1,"normal",140,12,,,
"Chest","29 Jul 2024, 19:12","29 Jul 2024, 20:10","","Seated Cable Row - Bar Grip",1,"",2,"normal",140,22,,,
"Chest","29 Jul 2024, 19:12","29 Jul 2024, 20:10","","Triceps Pushdown",,"",0,"normal",60,18,,,
"Chest","29 Jul 2024, 19:12","29 Jul 2024, 20:10","","Triceps Pushdown",,"",1,"normal",60,15,,,
"Chest","29 Jul 2024, 19:12","29 Jul 2024, 20:10","","Bicep Curl (Dumbbell)",,"",0,"normal",20,12,,,
"Chest","29 Jul 2024, 19:12","29 Jul 2024, 20:10","","Bicep Curl (Dumbbell)",,"",1,"normal",20,12,,,
"Deads","28 Jul 2024, 17:12","28 Jul 2024, 17:27","","Deadlift (Barbell)",,"",0,"normal",135,5,,,
"Deads","28 Jul 2024, 17:12","28 Jul 2024, 17:27","","Deadlift (Barbell)",,"",1,"normal",225,5,,,
"Deads","28 Jul 2024, 17:12","28 Jul 2024, 17:27","","Deadlift (Barbell)",,"",2,"normal",315,5,,,
"Deads","28 Jul 2024, 17:12","28 Jul 2024, 17:27","","Deadlift (Barbell)",,"",3,"normal",315,2,,,
"Deads","28 Jul 2024, 17:12","28 Jul 2024, 17:27","","Deadlift (Barbell)",,"",4,"normal",315,1,,,
"basic workout","28 Jul 2024, 07:29","28 Jul 2024, 07:30","","box squat bodyweight",,"",0,"normal",,15,,,
"basic workout","28 Jul 2024, 07:29","28 Jul 2024, 07:30","","box squat bodyweight",,"",1,"normal",,15,,,
"basic workout","28 Jul 2024, 07:29","28 Jul 2024, 07:30","","box squat bodyweight",,"",2,"normal",,15,,,
"basic workout","28 Jul 2024, 07:29","28 Jul 2024, 07:30","","Push Up",,"",0,"normal",,20,,,
"basic workout","28 Jul 2024, 07:29","28 Jul 2024, 07:30","","Push Up",,"",1,"normal",,20,,,
"basic workout","28 Jul 2024, 07:29","28 Jul 2024, 07:30","","Push Up",,"",2,"normal",,20,,,
"basic workout","28 Jul 2024, 07:29","28 Jul 2024, 07:30","","Face Pull",,"",0,"normal",90,10,,,
"basic workout","28 Jul 2024, 07:29","28 Jul 2024, 07:30","","Push Up",,"",0,"normal",,20,,,
"Back chin focus","26 Jul 2024, 14:07","26 Jul 2024, 15:55","","Face Pull",,"",0,"normal",90,10,,,
"Back chin focus","26 Jul 2024, 14:07","26 Jul 2024, 15:55","","Face Pull",,"",1,"normal",90,10,,,
"Back chin focus","26 Jul 2024, 14:07","26 Jul 2024, 15:55","","Scapular Pull Ups",,"",0,"normal",,10,,,
"Back chin focus","26 Jul 2024, 14:07","26 Jul 2024, 15:55","","Scapular Pull Ups",,"",1,"normal",,8,,,
"Back chin focus","26 Jul 2024, 14:07","26 Jul 2024, 15:55","","Inverted Row",,"",0,"normal",,6,,,
"Back chin focus","26 Jul 2024, 14:07","26 Jul 2024, 15:55","","Inverted Row",,"",1,"normal",,3,,,
"Back chin focus","26 Jul 2024, 14:07","26 Jul 2024, 15:55","","Chin Up (Assisted)",,"",0,"normal",80,5,,,
"Back chin focus","26 Jul 2024, 14:07","26 Jul 2024, 15:55","","Chin Up (Assisted)",,"",1,"normal",70,5,,,
"Back chin focus","26 Jul 2024, 14:07","26 Jul 2024, 15:55","","Chin Up (Assisted)",,"",2,"normal",60,5,,,
"Back chin focus","26 Jul 2024, 14:07","26 Jul 2024, 15:55","","Chin Up (Assisted)",,"",3,"normal",60,5,,,
"Back chin focus","26 Jul 2024, 14:07","26 Jul 2024, 15:55","","Chin Up (Assisted)",,"",4,"normal",80,5,,,
"Back chin focus","26 Jul 2024, 14:07","26 Jul 2024, 15:55","","Chin Up (Assisted)",,"",5,"normal",80,4,,,
"Back chin focus","26 Jul 2024, 14:07","26 Jul 2024, 15:55","","Chin Up (Assisted)",,"",6,"normal",80,4,,,
"Back chin focus","26 Jul 2024, 14:07","26 Jul 2024, 15:55","","Lat Pulldown (Cable)",,"",0,"normal",140,8,,,
"Back chin focus","26 Jul 2024, 14:07","26 Jul 2024, 15:55","","Lat Pulldown (Cable)",,"",1,"normal",140,11,,,
"Back chin focus","26 Jul 2024, 14:07","26 Jul 2024, 15:55","","Lat Pulldown (Cable)",,"",2,"normal",140,8,,,
"Back chin focus","26 Jul 2024, 14:07","26 Jul 2024, 15:55","","Lat Pulldown (Cable)",,"",3,"normal",140,6,,,
"Back chin focus","26 Jul 2024, 14:07","26 Jul 2024, 15:55","","Lat Pulldown (Cable)",,"",4,"dropset",140,3,,,
"Back chin focus","26 Jul 2024, 14:07","26 Jul 2024, 15:55","","Lat Pulldown (Cable)",,"",5,"dropset",140,6,,,
"Back chin focus","26 Jul 2024, 14:07","26 Jul 2024, 15:55","","Dumbbell Row",,"",0,"normal",45,14,,,
"Back chin focus","26 Jul 2024, 14:07","26 Jul 2024, 15:55","","Dumbbell Row",,"",1,"normal",45,14,,,
"Back chin focus","26 Jul 2024, 14:07","26 Jul 2024, 15:55","","Preacher Curl (Machine)",0,"",0,"normal",50,10,,,
"Back chin focus","26 Jul 2024, 14:07","26 Jul 2024, 15:55","","Preacher Curl (Machine)",0,"",1,"normal",55,6,,,
"Back chin focus","26 Jul 2024, 14:07","26 Jul 2024, 15:55","","Preacher Curl (Machine)",0,"",2,"normal",45,8,,,
"Back chin focus","26 Jul 2024, 14:07","26 Jul 2024, 15:55","","Bicep Curl (Barbell)",0,"",0,"normal",40,6,,,
"Back chin focus","26 Jul 2024, 14:07","26 Jul 2024, 15:55","","Bicep Curl (Barbell)",0,"",1,"normal",40,6,,,
"Back chin focus","26 Jul 2024, 14:07","26 Jul 2024, 15:55","","Bicep Curl (Barbell)",0,"",2,"normal",40,7,,,
"Back chin focus","26 Jul 2024, 14:07","26 Jul 2024, 15:55","","Bicep Curl (Barbell)",0,"",3,"normal",40,5,,,
"Back chin focus","26 Jul 2024, 14:07","26 Jul 2024, 15:55","","Seated Incline Curl (Dumbbell)",,"",0,"normal",20,9,,,
"Back chin focus","26 Jul 2024, 14:07","26 Jul 2024, 15:55","","Seated Incline Curl (Dumbbell)",,"",1,"normal",20,9,,,
"Back chin focus","26 Jul 2024, 14:07","26 Jul 2024, 15:55","","Dead Hang",,"",0,"normal",,,,30,
"Chest","24 Jul 2024, 10:41","24 Jul 2024, 13:25","","Decline Bench Press (Smith Machine)",,"",0,"normal",90,10,,,
"Chest","24 Jul 2024, 10:41","24 Jul 2024, 13:25","","Decline Bench Press (Smith Machine)",,"",1,"normal",135,10,,,
"Chest","24 Jul 2024, 10:41","24 Jul 2024, 13:25","","Decline Bench Press (Smith Machine)",,"",2,"normal",185,12,,,
"Chest","24 Jul 2024, 10:41","24 Jul 2024, 13:25","","Decline Bench Press (Smith Machine)",,"",3,"normal",205,12,,,
"Chest","24 Jul 2024, 10:41","24 Jul 2024, 13:25","","Decline Bench Press (Smith Machine)",,"",4,"normal",225,12,,,
"Chest","24 Jul 2024, 10:41","24 Jul 2024, 13:25","","Decline Bench Press (Smith Machine)",,"",5,"normal",235,12,,,
"Chest","24 Jul 2024, 10:41","24 Jul 2024, 13:25","","Chest Dip",,"",0,"normal",,5,,,
"Chest","24 Jul 2024, 10:41","24 Jul 2024, 13:25","","Chest Dip",,"",1,"normal",,18,,,
"Chest","24 Jul 2024, 10:41","24 Jul 2024, 13:25","","Chest Dip",,"",2,"normal",,9,,,
"Chest","24 Jul 2024, 10:41","24 Jul 2024, 13:25","","Chest Dip",,"",3,"normal",,10,,,
"Chest","24 Jul 2024, 10:41","24 Jul 2024, 13:25","","Incline Bench Press (Dumbbell)",1,"",0,"normal",50,10,,,
"Chest","24 Jul 2024, 10:41","24 Jul 2024, 13:25","","Incline Bench Press (Dumbbell)",1,"",1,"normal",50,10,,,
"Chest","24 Jul 2024, 10:41","24 Jul 2024, 13:25","","Incline Chest Press (Machine)",1,"",0,"normal",50,12,,,
"Chest","24 Jul 2024, 10:41","24 Jul 2024, 13:25","","Incline Chest Press (Machine)",1,"",1,"normal",60,10,,,
"Chest","24 Jul 2024, 10:41","24 Jul 2024, 13:25","","Incline Chest Press (Machine)",1,"",2,"dropset",60,18,,,
"Chest","24 Jul 2024, 10:41","24 Jul 2024, 13:25","","Upright Row (Barbell)",0,"",0,"normal",30,10,,,
"Chest","24 Jul 2024, 10:41","24 Jul 2024, 13:25","","Upright Row (Barbell)",0,"",1,"normal",65,10,,,
"Chest","24 Jul 2024, 10:41","24 Jul 2024, 13:25","","Upright Row (Barbell)",0,"",2,"normal",65,11,,,
"Chest","24 Jul 2024, 10:41","24 Jul 2024, 13:25","","Upright Row (Barbell)",0,"",3,"normal",65,8,,,
"Chest","24 Jul 2024, 10:41","24 Jul 2024, 13:25","","Face Pull",0,"",0,"normal",30,10,,,
"Chest","24 Jul 2024, 10:41","24 Jul 2024, 13:25","","Face Pull",0,"",1,"normal",65,7,,,
"Chest","24 Jul 2024, 10:41","24 Jul 2024, 13:25","","Face Pull",0,"",2,"normal",65,7,,,
"Chest","24 Jul 2024, 10:41","24 Jul 2024, 13:25","","Face Pull",0,"",3,"normal",65,5,,,
"Chest","24 Jul 2024, 10:41","24 Jul 2024, 13:25","","Push Up",,"",0,"normal",,8,,,
"Chest","24 Jul 2024, 10:41","24 Jul 2024, 13:25","","Push Up",,"",1,"normal",,20,,,
"Back chin focus","21 Jul 2024, 13:27","21 Jul 2024, 15:39","","Inverted Row",,"",0,"normal",,10,,,
"Back chin focus","21 Jul 2024, 13:27","21 Jul 2024, 15:39","","Inverted Row",,"",1,"normal",,10,,,
"Back chin focus","21 Jul 2024, 13:27","21 Jul 2024, 15:39","","Inverted Row",,"",2,"normal",,10,,,
"Back chin focus","21 Jul 2024, 13:27","21 Jul 2024, 15:39","","Inverted Row",,"",3,"normal",,8,,,
"Back chin focus","21 Jul 2024, 13:27","21 Jul 2024, 15:39","","Chin Up (Assisted)",,"",0,"normal",80,5,,,
"Back chin focus","21 Jul 2024, 13:27","21 Jul 2024, 15:39","","Chin Up (Assisted)",,"",1,"normal",70,5,,,
"Back chin focus","21 Jul 2024, 13:27","21 Jul 2024, 15:39","","Chin Up (Assisted)",,"",2,"normal",60,5,,,
"Back chin focus","21 Jul 2024, 13:27","21 Jul 2024, 15:39","","Chin Up (Assisted)",,"",3,"normal",80,1,,,
"Back chin focus","21 Jul 2024, 13:27","21 Jul 2024, 15:39","","Chin Up (Assisted)",,"",4,"normal",80,2,,,
"Back chin focus","21 Jul 2024, 13:27","21 Jul 2024, 15:39","","Chin Up (Assisted)",,"",5,"normal",80,2,,,
"Back chin focus","21 Jul 2024, 13:27","21 Jul 2024, 15:39","","Chin Up (Assisted)",,"",6,"normal",80,2,,,
"Back chin focus","21 Jul 2024, 13:27","21 Jul 2024, 15:39","","Lat Pulldown (Cable)",,"",0,"normal",100,10,,,
"Back chin focus","21 Jul 2024, 13:27","21 Jul 2024, 15:39","","Lat Pulldown (Cable)",,"",1,"normal",120,12,,,
"Back chin focus","21 Jul 2024, 13:27","21 Jul 2024, 15:39","","Lat Pulldown (Cable)",,"",2,"normal",140,9,,,
"Back chin focus","21 Jul 2024, 13:27","21 Jul 2024, 15:39","","Lat Pulldown (Cable)",,"",3,"normal",140,9,,,
"Back chin focus","21 Jul 2024, 13:27","21 Jul 2024, 15:39","","Lat Pulldown (Cable)",,"",4,"normal",140,5,,,
"Back chin focus","21 Jul 2024, 13:27","21 Jul 2024, 15:39","","Preacher Curl (Machine)",0,"",0,"normal",30,10,,,
"Back chin focus","21 Jul 2024, 13:27","21 Jul 2024, 15:39","","Preacher Curl (Machine)",0,"",1,"normal",40,9,,,
"Back chin focus","21 Jul 2024, 13:27","21 Jul 2024, 15:39","","Preacher Curl (Machine)",0,"",2,"normal",40,8,,,
"Back chin focus","21 Jul 2024, 13:27","21 Jul 2024, 15:39","","Bicep Curl (Barbell)",0,"",0,"normal",30,8,,,
"Back chin focus","21 Jul 2024, 13:27","21 Jul 2024, 15:39","","Bicep Curl (Barbell)",0,"",1,"normal",50,7,,,
"Back chin focus","21 Jul 2024, 13:27","21 Jul 2024, 15:39","","Bicep Curl (Barbell)",0,"",2,"normal",45,8,,,
"Back chin focus","21 Jul 2024, 13:27","21 Jul 2024, 15:39","","Seated Incline Curl (Dumbbell)",,"",0,"normal",20,12,,,
"Back chin focus","21 Jul 2024, 13:27","21 Jul 2024, 15:39","","Seated Incline Curl (Dumbbell)",,"",1,"normal",28,12,,,
"Back chin focus","21 Jul 2024, 13:27","21 Jul 2024, 15:39","","Dead Hang",,"",0,"normal",,,,30,
"Legs and arms","20 Jul 2024, 14:37","20 Jul 2024, 15:42","","Seated Calf Raise",,"",0,"normal",50,12,,,
"Legs and arms","20 Jul 2024, 14:37","20 Jul 2024, 15:42","","Seated Calf Raise",,"",1,"normal",50,12,,,
"Legs and arms","20 Jul 2024, 14:37","20 Jul 2024, 15:42","","Seated Calf Raise",,"",2,"normal",50,12,,,
"Legs and arms","20 Jul 2024, 14:37","20 Jul 2024, 15:42","","Standing Calf Raise",,"",0,"normal",,15,,,
"Legs and arms","20 Jul 2024, 14:37","20 Jul 2024, 15:42","","Standing Calf Raise",,"",1,"normal",,15,,,
"Legs and arms","20 Jul 2024, 14:37","20 Jul 2024, 15:42","","Back Extension (Hyperextension)",,"",0,"normal",,8,,,
"Legs and arms","20 Jul 2024, 14:37","20 Jul 2024, 15:42","","Kickstand Squat",,"",0,"normal",,4,,,
"Legs and arms","20 Jul 2024, 14:37","20 Jul 2024, 15:42","","Kickstand Squat",,"",1,"normal",,6,,,
"Legs and arms","20 Jul 2024, 14:37","20 Jul 2024, 15:42","","Kickstand Squat",,"",2,"normal",,6,,,
"Legs and arms","20 Jul 2024, 14:37","20 Jul 2024, 15:42","","Kickstand Squat",,"",3,"normal",,7,,,
"Legs and arms","20 Jul 2024, 14:37","20 Jul 2024, 15:42","","Kickstand Squat",,"",4,"normal",,5,,,
"Legs and arms","20 Jul 2024, 14:37","20 Jul 2024, 15:42","","Bulgarian Split Squat (Dumbbell)",,"",0,"normal",50,10,,,
"Legs and arms","20 Jul 2024, 14:37","20 Jul 2024, 15:42","","Bulgarian Split Squat (Dumbbell)",,"",1,"normal",50,10,,,
"Legs and arms","20 Jul 2024, 14:37","20 Jul 2024, 15:42","","Bulgarian Split Squat (Dumbbell)",,"",2,"normal",35,9,,,
"Legs and arms","20 Jul 2024, 14:37","20 Jul 2024, 15:42","","Bulgarian Split Squat (Dumbbell)",,"",3,"normal",35,7,,,
"Legs and arms","20 Jul 2024, 14:37","20 Jul 2024, 15:42","","Bulgarian Split Squat (Dumbbell)",,"",4,"normal",15,8,,,
"Legs and arms","20 Jul 2024, 14:37","20 Jul 2024, 15:42","","Bulgarian Split Squat (Dumbbell)",,"",5,"normal",15,8,,,
"Legs and arms","20 Jul 2024, 14:37","20 Jul 2024, 15:42","","Goblet Squat",,"",0,"normal",35,15,,,
"Legs and arms","20 Jul 2024, 14:37","20 Jul 2024, 15:42","","Goblet Squat",,"",1,"normal",35,15,,,
"Legs and arms","20 Jul 2024, 14:37","20 Jul 2024, 15:42","","Lying Leg Curl (Machine)",0,"",0,"normal",90,15,,,
"Legs and arms","20 Jul 2024, 14:37","20 Jul 2024, 15:42","","Lying Leg Curl (Machine)",0,"",1,"normal",120,8,,,
"Legs and arms","20 Jul 2024, 14:37","20 Jul 2024, 15:42","","Romanian Deadlift (Barbell)",0,"",0,"normal",135,10,,,
"Legs and arms","20 Jul 2024, 14:37","20 Jul 2024, 15:42","","Romanian Deadlift (Barbell)",0,"",1,"normal",135,6,,,
"Legs and arms","20 Jul 2024, 14:37","20 Jul 2024, 15:42","","Romanian Deadlift (Barbell)",0,"",2,"normal",135,6,,,
"Legs and arms","20 Jul 2024, 14:37","20 Jul 2024, 15:42","","Back Extension (Weighted Hyperextension)",,"",0,"normal",25,10,,,
"Legs and arms","20 Jul 2024, 14:37","20 Jul 2024, 15:42","","Back Extension (Weighted Hyperextension)",,"",1,"normal",10,8,,,
"Legs and arms","20 Jul 2024, 14:37","20 Jul 2024, 15:42","","Back Extension (Weighted Hyperextension)",,"",2,"normal",10,6,,,
"Chest","19 Jul 2024, 16:35","19 Jul 2024, 18:07","","Decline Bench Press (Smith Machine)",,"",0,"normal",90,15,,,
"Chest","19 Jul 2024, 16:35","19 Jul 2024, 18:07","","Decline Bench Press (Smith Machine)",,"",1,"normal",135,12,,,
"Chest","19 Jul 2024, 16:35","19 Jul 2024, 18:07","","Decline Bench Press (Smith Machine)",,"",2,"normal",155,12,,,
"Chest","19 Jul 2024, 16:35","19 Jul 2024, 18:07","","Decline Bench Press (Smith Machine)",,"",3,"normal",185,12,,,
"Chest","19 Jul 2024, 16:35","19 Jul 2024, 18:07","","Decline Bench Press (Smith Machine)",,"",4,"normal",205,12,,,
"Chest","19 Jul 2024, 16:35","19 Jul 2024, 18:07","","Decline Bench Press (Smith Machine)",,"",5,"normal",205,12,,,
"Chest","19 Jul 2024, 16:35","19 Jul 2024, 18:07","","Chest Dip",,"",0,"normal",,10,,,
"Chest","19 Jul 2024, 16:35","19 Jul 2024, 18:07","","Chest Dip",,"",1,"normal",,9,,,
"Chest","19 Jul 2024, 16:35","19 Jul 2024, 18:07","","Chest Dip",,"",2,"normal",,5,,,
"Chest","19 Jul 2024, 16:35","19 Jul 2024, 18:07","","Incline Bench Press (Dumbbell)",,"",0,"normal",45,16,,,
"Chest","19 Jul 2024, 16:35","19 Jul 2024, 18:07","","Incline Bench Press (Dumbbell)",,"",1,"normal",60,12,,,
"Chest","19 Jul 2024, 16:35","19 Jul 2024, 18:07","","Incline Bench Press (Dumbbell)",,"",2,"normal",60,9,,,
"Chest","19 Jul 2024, 16:35","19 Jul 2024, 18:07","","Incline Chest Press (Machine)",,"",0,"normal",40,12,,,
"Chest","19 Jul 2024, 16:35","19 Jul 2024, 18:07","","Incline Chest Press (Machine)",,"",1,"normal",70,13,,,
"Chest","19 Jul 2024, 16:35","19 Jul 2024, 18:07","","Incline Chest Press (Machine)",,"",2,"dropset",90,8,,,
"Chest","19 Jul 2024, 16:35","19 Jul 2024, 18:07","","Incline Chest Press (Machine)",,"",3,"normal",60,12,,,
"Chest","19 Jul 2024, 16:35","19 Jul 2024, 18:07","","Upright Row (Barbell)",0,"",0,"normal",30,10,,,
"Chest","19 Jul 2024, 16:35","19 Jul 2024, 18:07","","Upright Row (Barbell)",0,"",1,"normal",50,10,,,
"Chest","19 Jul 2024, 16:35","19 Jul 2024, 18:07","","Upright Row (Barbell)",0,"",2,"normal",60,10,,,
"Chest","19 Jul 2024, 16:35","19 Jul 2024, 18:07","","Upright Row (Barbell)",0,"",3,"normal",60,10,,,
"Chest","19 Jul 2024, 16:35","19 Jul 2024, 18:07","","Face Pull",0,"",0,"normal",30,10,,,
"Chest","19 Jul 2024, 16:35","19 Jul 2024, 18:07","","Face Pull",0,"",1,"normal",50,7,,,
"Chest","19 Jul 2024, 16:35","19 Jul 2024, 18:07","","Face Pull",0,"",2,"normal",60,10,,,
"Chest","19 Jul 2024, 16:35","19 Jul 2024, 18:07","","Face Pull",0,"",3,"normal",60,5,,,
"Chest","19 Jul 2024, 16:35","19 Jul 2024, 18:07","","Push Up",,"",0,"normal",,8,,,
"Chest","19 Jul 2024, 16:35","19 Jul 2024, 18:07","","Push Up",,"",1,"normal",,8,,,
"Chest","19 Jul 2024, 16:35","19 Jul 2024, 18:07","","Push Up",,"",2,"normal",,15,,,
"Arms","16 Jul 2024, 17:37","16 Jul 2024, 17:58","","ywtl",,"",0,"normal",2.5,40,,,
"Arms","16 Jul 2024, 17:37","16 Jul 2024, 17:58","","ywtl",,"",1,"normal",2.5,40,,,
"Arms","16 Jul 2024, 17:37","16 Jul 2024, 17:58","","Lateral Raise (Dumbbell)",,"",0,"normal",2.5,30,,,
"Arms","16 Jul 2024, 17:37","16 Jul 2024, 17:58","","Lateral Raise (Dumbbell)",,"",1,"normal",2.3,30,,,
"Arms","16 Jul 2024, 17:37","16 Jul 2024, 17:58","","Lateral Raise (Dumbbell)",,"",2,"normal",5,15,,,
"Arms","16 Jul 2024, 17:37","16 Jul 2024, 17:58","","Lateral Raise (Dumbbell)",,"",3,"normal",5,15,,,
"Arms","16 Jul 2024, 17:37","16 Jul 2024, 17:58","","Lateral Raise (Dumbbell)",,"",4,"normal",10,20,,,
"Arms","16 Jul 2024, 17:37","16 Jul 2024, 17:58","","Lateral Raise (Dumbbell)",,"",5,"normal",10,20,,,
"Arms","16 Jul 2024, 17:37","16 Jul 2024, 17:58","","Lateral Raise (Dumbbell)",,"",6,"normal",10,20,,,
"Arms","16 Jul 2024, 17:37","16 Jul 2024, 17:58","","Lateral Raise (Dumbbell)",,"",7,"normal",10.5,20,,,
"Arms","16 Jul 2024, 17:37","16 Jul 2024, 17:58","","Upright Row (Barbell)",,"",0,"normal",25,10,,,
"Arms","16 Jul 2024, 17:37","16 Jul 2024, 17:58","","Upright Row (Barbell)",,"",1,"normal",45,10,,,
"Arms","16 Jul 2024, 17:37","16 Jul 2024, 17:58","","Upright Row (Barbell)",,"",2,"normal",45,12,,,
"Arms","16 Jul 2024, 17:37","16 Jul 2024, 17:58","","Upright Row (Barbell)",,"",3,"normal",30,15,,,
"Arms","16 Jul 2024, 17:37","16 Jul 2024, 17:58","","Face Pull",,"",0,"normal",15,12,,,
"Arms","16 Jul 2024, 17:37","16 Jul 2024, 17:58","","Face Pull",,"",1,"normal",15,12,,,
"Arms","16 Jul 2024, 17:37","16 Jul 2024, 17:58","","Face Pull",,"",2,"normal",15,12,,,
"Legs and arms","15 Jul 2024, 16:04","15 Jul 2024, 17:02","","Back Extension (Hyperextension)",,"",0,"normal",,8,,,
"Legs and arms","15 Jul 2024, 16:04","15 Jul 2024, 17:02","","Back Extension (Hyperextension)",,"",1,"normal",,6,,,
"Legs and arms","15 Jul 2024, 16:04","15 Jul 2024, 17:02","","Back Extension (Hyperextension)",,"",2,"normal",,6,,,
"Legs and arms","15 Jul 2024, 16:04","15 Jul 2024, 17:02","","Kickstand Squat",,"",0,"normal",,4,,,
"Legs and arms","15 Jul 2024, 16:04","15 Jul 2024, 17:02","","Kickstand Squat",,"",1,"normal",,4,,,
"Legs and arms","15 Jul 2024, 16:04","15 Jul 2024, 17:02","","Kickstand Squat",,"",2,"normal",,4,,,
"Legs and arms","15 Jul 2024, 16:04","15 Jul 2024, 17:02","","Kickstand Squat",,"",3,"normal",,4,,,
"Legs and arms","15 Jul 2024, 16:04","15 Jul 2024, 17:02","","Kickstand Squat",,"",4,"normal",,7,,,
"Legs and arms","15 Jul 2024, 16:04","15 Jul 2024, 17:02","","Kickstand Squat",,"",5,"normal",,7,,,
"Legs and arms","15 Jul 2024, 16:04","15 Jul 2024, 17:02","","Bulgarian Split Squat (Dumbbell)",,"",0,"normal",,8,,,
"Legs and arms","15 Jul 2024, 16:04","15 Jul 2024, 17:02","","Bulgarian Split Squat (Dumbbell)",,"",1,"normal",,8,,,
"Legs and arms","15 Jul 2024, 16:04","15 Jul 2024, 17:02","","Bulgarian Split Squat (Dumbbell)",,"",2,"normal",,8,,,
"Legs and arms","15 Jul 2024, 16:04","15 Jul 2024, 17:02","","Bulgarian Split Squat (Dumbbell)",,"",3,"normal",,8,,,
"Legs and arms","15 Jul 2024, 16:04","15 Jul 2024, 17:02","","Bulgarian Split Squat (Dumbbell)",,"",4,"normal",15,8,,,
"Legs and arms","15 Jul 2024, 16:04","15 Jul 2024, 17:02","","Bulgarian Split Squat (Dumbbell)",,"",5,"normal",15,8,,,
"Legs and arms","15 Jul 2024, 16:04","15 Jul 2024, 17:02","","Romanian Deadlift (Barbell)",,"",0,"normal",60,6,,,
"Legs and arms","15 Jul 2024, 16:04","15 Jul 2024, 17:02","","Romanian Deadlift (Barbell)",,"",1,"normal",60,6,,,
"Legs and arms","15 Jul 2024, 16:04","15 Jul 2024, 17:02","","Lying Leg Curl (Machine)",,"",0,"normal",80,10,,,
"Legs and arms","15 Jul 2024, 16:04","15 Jul 2024, 17:02","","Lying Leg Curl (Machine)",,"",1,"normal",100,10,,,
"Legs and arms","15 Jul 2024, 16:04","15 Jul 2024, 17:02","","Lying Leg Curl (Machine)",,"",2,"normal",100,6,,,
"Legs and arms","15 Jul 2024, 16:04","15 Jul 2024, 17:02","","Lying Leg Curl (Machine)",,"",3,"normal",100,4,,,
"Legs and arms","15 Jul 2024, 16:04","15 Jul 2024, 17:02","","Squat (Bodyweight)",,"",0,"normal",,15,,,
"Legs and arms","15 Jul 2024, 16:04","15 Jul 2024, 17:02","","Squat (Bodyweight)",,"",1,"normal",,15,,,
"Chest","14 Jul 2024, 15:32","14 Jul 2024, 17:07","","Decline Bench Press (Smith Machine)",,"",0,"normal",90,15,,,
"Chest","14 Jul 2024, 15:32","14 Jul 2024, 17:07","","Decline Bench Press (Smith Machine)",,"",1,"normal",135,12,,,
"Chest","14 Jul 2024, 15:32","14 Jul 2024, 17:07","","Decline Bench Press (Smith Machine)",,"",2,"normal",155,12,,,
"Chest","14 Jul 2024, 15:32","14 Jul 2024, 17:07","","Decline Bench Press (Smith Machine)",,"",3,"normal",185,12,,,
"Chest","14 Jul 2024, 15:32","14 Jul 2024, 17:07","","Decline Bench Press (Smith Machine)",,"",4,"normal",205,7,,,
"Chest","14 Jul 2024, 15:32","14 Jul 2024, 17:07","","Decline Bench Press (Smith Machine)",,"",5,"normal",205,12,,,
"Chest","14 Jul 2024, 15:32","14 Jul 2024, 17:07","","Decline Bench Press (Smith Machine)",,"",6,"normal",225,9,,,
"Chest","14 Jul 2024, 15:32","14 Jul 2024, 17:07","","Chest Dip",,"",0,"normal",,9,,,
"Chest","14 Jul 2024, 15:32","14 Jul 2024, 17:07","","Chest Dip",,"",1,"normal",,5,,,
"Chest","14 Jul 2024, 15:32","14 Jul 2024, 17:07","","Chest Dip",,"",2,"normal",,8,,,
"Chest","14 Jul 2024, 15:32","14 Jul 2024, 17:07","","Incline Chest Press (Machine)",,"",0,"normal",35,8,,,
"Chest","14 Jul 2024, 15:32","14 Jul 2024, 17:07","","Incline Chest Press (Machine)",,"",1,"normal",60,10,,,
"Chest","14 Jul 2024, 15:32","14 Jul 2024, 17:07","","Upright Row (Barbell)",0,"",0,"normal",25,10,,,
"Chest","14 Jul 2024, 15:32","14 Jul 2024, 17:07","","Upright Row (Barbell)",0,"",1,"normal",48,10,,,
"Chest","14 Jul 2024, 15:32","14 Jul 2024, 17:07","","Upright Row (Barbell)",0,"",2,"normal",50,10,,,
"Chest","14 Jul 2024, 15:32","14 Jul 2024, 17:07","","Upright Row (Barbell)",0,"",3,"normal",50,10,,,
"Chest","14 Jul 2024, 15:32","14 Jul 2024, 17:07","","Face Pull",0,"",0,"normal",45,10,,,
"Chest","14 Jul 2024, 15:32","14 Jul 2024, 17:07","","Face Pull",0,"",1,"normal",50,7,,,
"Chest","14 Jul 2024, 15:32","14 Jul 2024, 17:07","","Face Pull",0,"",2,"normal",50,7,,,
"Chest","14 Jul 2024, 15:32","14 Jul 2024, 17:07","","Face Pull",0,"",3,"normal",50,7,,,
"Chest","14 Jul 2024, 15:32","14 Jul 2024, 17:07","","Rear Delt Reverse Fly (Machine)",,"",0,"normal",60,10,,,
"Chest","14 Jul 2024, 15:32","14 Jul 2024, 17:07","","Rear Delt Reverse Fly (Machine)",,"",1,"normal",100,8,,,
"Chest","14 Jul 2024, 15:32","14 Jul 2024, 17:07","","Push Up",,"",0,"normal",,8,,,
"Chest","14 Jul 2024, 15:32","14 Jul 2024, 17:07","","Push Up",,"",1,"normal",,8,,,
"Chest","14 Jul 2024, 15:32","14 Jul 2024, 17:07","","Push Up",,"",2,"normal",,15,,,
"Back chin focus","13 Jul 2024, 11:22","13 Jul 2024, 12:56","Great lift. App really helps me stay on target.","Inverted Row",,"",0,"normal",,10,,,
"Back chin focus","13 Jul 2024, 11:22","13 Jul 2024, 12:56","Great lift. App really helps me stay on target.","Inverted Row",,"",1,"normal",,20,,,
"Back chin focus","13 Jul 2024, 11:22","13 Jul 2024, 12:56","Great lift. App really helps me stay on target.","Inverted Row",,"",2,"normal",,20,,,
"Back chin focus","13 Jul 2024, 11:22","13 Jul 2024, 12:56","Great lift. App really helps me stay on target.","Inverted Row",,"",3,"normal",,8,,,
"Back chin focus","13 Jul 2024, 11:22","13 Jul 2024, 12:56","Great lift. App really helps me stay on target.","Chin Up (Assisted)",,"Do these from a squat position so I’m not letting full bodyweight, but I’m doing the same movement as full bodyweight .1 means parallel in the full squad. I don’t know. I’ll figure that out later. ￼",0,"normal",0.1,8,,,
"Back chin focus","13 Jul 2024, 11:22","13 Jul 2024, 12:56","Great lift. App really helps me stay on target.","Chin Up (Assisted)",,"Do these from a squat position so I’m not letting full bodyweight, but I’m doing the same movement as full bodyweight .1 means parallel in the full squad. I don’t know. I’ll figure that out later. ￼",1,"normal",0.1,6,,,
"Back chin focus","13 Jul 2024, 11:22","13 Jul 2024, 12:56","Great lift. App really helps me stay on target.","Chin Up (Assisted)",,"Do these from a squat position so I’m not letting full bodyweight, but I’m doing the same movement as full bodyweight .1 means parallel in the full squad. I don’t know. I’ll figure that out later. ￼",2,"normal",0.1,4,,,
"Back chin focus","13 Jul 2024, 11:22","13 Jul 2024, 12:56","Great lift. App really helps me stay on target.","Chin Up (Assisted)",,"Do these from a squat position so I’m not letting full bodyweight, but I’m doing the same movement as full bodyweight .1 means parallel in the full squad. I don’t know. I’ll figure that out later. ￼",3,"normal",100,10,,,
"Back chin focus","13 Jul 2024, 11:22","13 Jul 2024, 12:56","Great lift. App really helps me stay on target.","Chin Up (Assisted)",,"Do these from a squat position so I’m not letting full bodyweight, but I’m doing the same movement as full bodyweight .1 means parallel in the full squad. I don’t know. I’ll figure that out later. ￼",4,"normal",100,10,,,
"Back chin focus","13 Jul 2024, 11:22","13 Jul 2024, 12:56","Great lift. App really helps me stay on target.","Pullover (Machine)",,"",0,"normal",85,12,,,
"Back chin focus","13 Jul 2024, 11:22","13 Jul 2024, 12:56","Great lift. App really helps me stay on target.","Pullover (Machine)",,"",1,"normal",120,10,,,
"Back chin focus","13 Jul 2024, 11:22","13 Jul 2024, 12:56","Great lift. App really helps me stay on target.","Dumbbell Row",,"",0,"normal",60,8,,,
"Back chin focus","13 Jul 2024, 11:22","13 Jul 2024, 12:56","Great lift. App really helps me stay on target.","Dumbbell Row",,"",1,"normal",60,8,,,
"Back chin focus","13 Jul 2024, 11:22","13 Jul 2024, 12:56","Great lift. App really helps me stay on target.","Dumbbell Row",,"",2,"normal",60,12,,,
"Back chin focus","13 Jul 2024, 11:22","13 Jul 2024, 12:56","Great lift. App really helps me stay on target.","Lat Pulldown (Cable)",,"",0,"normal",120,5,,,
"Back chin focus","13 Jul 2024, 11:22","13 Jul 2024, 12:56","Great lift. App really helps me stay on target.","Lat Pulldown (Cable)",,"",1,"normal",125,11,,,
"Back chin focus","13 Jul 2024, 11:22","13 Jul 2024, 12:56","Great lift. App really helps me stay on target.","Preacher Curl (Machine)",0,"",0,"normal",40,12,,,
"Back chin focus","13 Jul 2024, 11:22","13 Jul 2024, 12:56","Great lift. App really helps me stay on target.","Preacher Curl (Machine)",0,"",1,"normal",42,8,,,
"Back chin focus","13 Jul 2024, 11:22","13 Jul 2024, 12:56","Great lift. App really helps me stay on target.","Bicep Curl (Barbell)",0,"Threw in a couple forest drops at the end",0,"normal",30,8,,,
"Back chin focus","13 Jul 2024, 11:22","13 Jul 2024, 12:56","Great lift. App really helps me stay on target.","Bicep Curl (Barbell)",0,"Threw in a couple forest drops at the end",1,"normal",30,10,,,
"Back chin focus","13 Jul 2024, 11:22","13 Jul 2024, 12:56","Great lift. App really helps me stay on target.","Seated Incline Curl (Dumbbell)",,"",0,"normal",20,8,,,
"Back chin focus","13 Jul 2024, 11:22","13 Jul 2024, 12:56","Great lift. App really helps me stay on target.","Seated Incline Curl (Dumbbell)",,"",1,"normal",20,8,,,
"Back chin focus","13 Jul 2024, 11:22","13 Jul 2024, 12:56","Great lift. App really helps me stay on target.","Dead Hang",,"",0,"normal",,,,59,
"Chest","17 Jun 2024, 10:44","17 Jun 2024, 11:28","","Incline Bench Press (Dumbbell)",,"Ysed bands",0,"normal",,50,,,
"Chest","17 Jun 2024, 10:44","17 Jun 2024, 11:28","","Incline Bench Press (Dumbbell)",,"Ysed bands",1,"normal",20,30,,,
"Chest","17 Jun 2024, 10:44","17 Jun 2024, 11:28","","Incline Bench Press (Dumbbell)",,"Ysed bands",2,"normal",30,18,,,
"Chest","17 Jun 2024, 10:44","17 Jun 2024, 11:28","","Incline Bench Press (Dumbbell)",,"Ysed bands",3,"normal",30,13,,,
"Chest","17 Jun 2024, 10:44","17 Jun 2024, 11:28","","Incline Bench Press (Dumbbell)",,"Ysed bands",4,"normal",30,5,,,
"Chest","17 Jun 2024, 10:44","17 Jun 2024, 11:28","","Chest Dip (Weighted)",,"",0,"normal",100,8,,,
"Chest","17 Jun 2024, 10:44","17 Jun 2024, 11:28","","Chest Dip (Weighted)",,"",1,"normal",100,12,,,
"Chest","17 Jun 2024, 10:44","17 Jun 2024, 11:28","","Chest Dip (Weighted)",,"",2,"normal",100,16,,,
"Chest","17 Jun 2024, 10:44","17 Jun 2024, 11:28","","Butterfly (Pec Deck)",,"",0,"normal",60,20,,,
"Chest","17 Jun 2024, 10:44","17 Jun 2024, 11:28","","Butterfly (Pec Deck)",,"",1,"normal",90,20,,,
"Chest","17 Jun 2024, 10:44","17 Jun 2024, 11:28","","Incline Chest Press (Machine)",,"Super set witj peckmdeck",0,"normal",40,15,,,
"Chest","17 Jun 2024, 10:44","17 Jun 2024, 11:28","","Push Up",,"",0,"normal",,14,,,
"Chest","17 Jun 2024, 10:44","17 Jun 2024, 11:28","","Push Up",,"",1,"normal",,9,,,
"Chest","17 Jun 2024, 10:44","17 Jun 2024, 11:28","","Push Up",,"",2,"normal",,12,,,
"Legs and arms","15 Jun 2024, 15:40","15 Jun 2024, 19:38","","Bulgarian Split Squat (Dumbbell)",,"Started with dumbells then racked one dumbell ik second set",0,"normal",50,8,,,
"Legs and arms","15 Jun 2024, 15:40","15 Jun 2024, 19:38","","Bulgarian Split Squat (Dumbbell)",,"Started with dumbells then racked one dumbell ik second set",1,"normal",50,6,,,
"Legs and arms","15 Jun 2024, 15:40","15 Jun 2024, 19:38","","Bulgarian Split Squat (Dumbbell)",,"Started with dumbells then racked one dumbell ik second set",2,"normal",25,8,,,
"Legs and arms","15 Jun 2024, 15:40","15 Jun 2024, 19:38","","Bulgarian Split Squat (Dumbbell)",,"Started with dumbells then racked one dumbell ik second set",3,"normal",25,7,,,
"Legs and arms","15 Jun 2024, 15:40","15 Jun 2024, 19:38","","Bulgarian Split Squat (Dumbbell)",,"Started with dumbells then racked one dumbell ik second set",4,"normal",,18,,,
"Legs and arms","15 Jun 2024, 15:40","15 Jun 2024, 19:38","","Bulgarian Split Squat (Dumbbell)",,"Started with dumbells then racked one dumbell ik second set",5,"normal",,18,,,
"Legs and arms","15 Jun 2024, 15:40","15 Jun 2024, 19:38","","Hack Squat",,"Elevated heel. Working on the movement and relaxing the hips improving range",0,"normal",90,6,,,
"Legs and arms","15 Jun 2024, 15:40","15 Jun 2024, 19:38","","Hack Squat",,"Elevated heel. Working on the movement and relaxing the hips improving range",1,"normal",90,8,,,
"Legs and arms","15 Jun 2024, 15:40","15 Jun 2024, 19:38","","Hack Squat",,"Elevated heel. Working on the movement and relaxing the hips improving range",2,"normal",90,10,,,
"Legs and arms","15 Jun 2024, 15:40","15 Jun 2024, 19:38","","Leg Press (Machine)",,"",0,"normal",180,15,,,
"Legs and arms","15 Jun 2024, 15:40","15 Jun 2024, 19:38","","Leg Press (Machine)",,"",1,"normal",180,35,,,
"Legs and arms","15 Jun 2024, 15:40","15 Jun 2024, 19:38","","Lying Leg Curl (Machine)",,"",0,"normal",80,15,,,
"Legs and arms","15 Jun 2024, 15:40","15 Jun 2024, 19:38","","Lying Leg Curl (Machine)",,"",1,"normal",95,14,,,
"Legs and arms","15 Jun 2024, 15:40","15 Jun 2024, 19:38","","Lying Leg Curl (Machine)",,"",2,"normal",95,8,,,
"Legs and arms","15 Jun 2024, 15:40","15 Jun 2024, 19:38","","Single Leg Extensions",,"",0,"normal",25,28,,,
"Legs and arms","15 Jun 2024, 15:40","15 Jun 2024, 19:38","","Single Leg Extensions",,"",1,"normal",25,8,,,
"Legs and arms","15 Jun 2024, 15:40","15 Jun 2024, 19:38","","Single Leg Extensions",,"",2,"normal",15,8,,,
"Chest","21 May 2024, 06:54","21 May 2024, 10:17","","Chest Press (Machine)",,"",1,"normal",50,8,,,
"Chest","21 May 2024, 06:54","21 May 2024, 10:17","","Chest Press (Machine)",,"",2,"normal",,10,,,
"Chest","21 May 2024, 06:54","21 May 2024, 10:17","","Chest Press (Machine)",,"",3,"normal",70,10,,,
"Chest","21 May 2024, 06:54","21 May 2024, 10:17","","Chest Press (Machine)",,"",4,"normal",90,10,,,
"Thoms back and ham day","31 Jan 2024, 08:29","31 Jan 2024, 09:47","","Dumbbell Row",,"Tension",1,"normal",,12,,,
"Thoms back and ham day","31 Jan 2024, 08:29","31 Jan 2024, 09:47","","Dumbbell Row",,"Tension",2,"normal",,12,,,
"Thoms back and ham day","31 Jan 2024, 08:29","31 Jan 2024, 09:47","","Dumbbell Row",,"Tension",3,"normal",,11,,,
"Thoms back and ham day","31 Jan 2024, 08:29","31 Jan 2024, 09:47","","Dumbbell Row",,"Tension",4,"normal",,8,,,
"Thoms back and ham day","31 Jan 2024, 08:29","31 Jan 2024, 09:47","","Dumbbell Row",,"Tension",5,"normal",80,12,,,
"Thoms back and ham day","31 Jan 2024, 08:29","31 Jan 2024, 09:47","","Lat Pulldown (Cable)",,"Used a band to get more squueze ij yoper back",0,"normal",75,12,,,
"Thoms back and ham day","31 Jan 2024, 08:29","31 Jan 2024, 09:47","","Straight Leg Deadlift",,"Switch to contra lateral. #make timer visible all the time. Change layout dynamically",0,"normal",45,9,,,
"Thoms back and ham day","31 Jan 2024, 08:29","31 Jan 2024, 09:47","","Straight Leg Deadlift",,"Switch to contra lateral. #make timer visible all the time. Change layout dynamically",1,"normal",45,6,,,
"Thoms back and ham day","31 Jan 2024, 08:29","31 Jan 2024, 09:47","","Straight Leg Deadlift",,"Switch to contra lateral. #make timer visible all the time. Change layout dynamically",2,"normal",45,8,,,
"Thoms back and ham day","31 Jan 2024, 08:29","31 Jan 2024, 09:47","","Straight Leg Deadlift",,"Switch to contra lateral. #make timer visible all the time. Change layout dynamically",3,"normal",45,7,,,
"Thoms back and ham day","31 Jan 2024, 08:29","31 Jan 2024, 09:47","","Single Arm Lat Pulldown",,"",0,"normal",55,6,,,
"Thoms back and ham day","31 Jan 2024, 08:29","31 Jan 2024, 09:47","","Single Arm Lat Pulldown",,"",1,"normal",55,6,,,
"Thoms back and ham day","31 Jan 2024, 08:29","31 Jan 2024, 09:47","","Single Arm Lat Pulldown",,"",2,"normal",55,6,,,
"Thoms back and ham day","31 Jan 2024, 08:29","31 Jan 2024, 09:47","","Single Arm Lat Pulldown",,"",3,"normal",55,6,,,
"Legs and arms","26 Jan 2024, 16:59","26 Jan 2024, 18:34","Really good. Felt weird at the start. Like myself if that makes sense.","Tibial raise",0,"",0,"normal",15,20,,,
"Legs and arms","26 Jan 2024, 16:59","26 Jan 2024, 18:34","Really good. Felt weird at the start. Like myself if that makes sense.","Tibial raise",0,"",1,"normal",15,20,,,
"Legs and arms","26 Jan 2024, 16:59","26 Jan 2024, 18:34","Really good. Felt weird at the start. Like myself if that makes sense.","Tibial raise",0,"",2,"normal",15,20,,,
"Legs and arms","26 Jan 2024, 16:59","26 Jan 2024, 18:34","Really good. Felt weird at the start. Like myself if that makes sense.","Tibial raise",0,"",3,"normal",15,20,,,
"Legs and arms","26 Jan 2024, 16:59","26 Jan 2024, 18:34","Really good. Felt weird at the start. Like myself if that makes sense.","Tibial raise",0,"",4,"normal",15,20,,,
"Legs and arms","26 Jan 2024, 16:59","26 Jan 2024, 18:34","Really good. Felt weird at the start. Like myself if that makes sense.","Tibial raise",0,"",5,"normal",15,20,,,
"Legs and arms","26 Jan 2024, 16:59","26 Jan 2024, 18:34","Really good. Felt weird at the start. Like myself if that makes sense.","Calf Press (Machine)",0,"",0,"normal",90,15,,,
"Legs and arms","26 Jan 2024, 16:59","26 Jan 2024, 18:34","Really good. Felt weird at the start. Like myself if that makes sense.","Lying Leg Curl (Machine)",,"",0,"normal",70,15,,,
"Legs and arms","26 Jan 2024, 16:59","26 Jan 2024, 18:34","Really good. Felt weird at the start. Like myself if that makes sense.","Lying Leg Curl (Machine)",,"",2,"normal",90,11,,,
"Legs and arms","26 Jan 2024, 16:59","26 Jan 2024, 18:34","Really good. Felt weird at the start. Like myself if that makes sense.","Bulgarian Split Squat (Dumbbell)",,"",0,"normal",,10,,,
"Legs and arms","26 Jan 2024, 16:59","26 Jan 2024, 18:34","Really good. Felt weird at the start. Like myself if that makes sense.","Bulgarian Split Squat (Dumbbell)",,"",1,"normal",,11,,,
"Legs and arms","26 Jan 2024, 16:59","26 Jan 2024, 18:34","Really good. Felt weird at the start. Like myself if that makes sense.","Bulgarian Split Squat (Dumbbell)",,"",2,"normal",,9,,,
"Legs and arms","26 Jan 2024, 16:59","26 Jan 2024, 18:34","Really good. Felt weird at the start. Like myself if that makes sense.","Bulgarian Split Squat (Dumbbell)",,"",3,"normal",,9,,,
"Legs and arms","26 Jan 2024, 16:59","26 Jan 2024, 18:34","Really good. Felt weird at the start. Like myself if that makes sense.","Bulgarian Split Squat (Dumbbell)",,"",4,"normal",,7,,,
"Legs and arms","26 Jan 2024, 16:59","26 Jan 2024, 18:34","Really good. Felt weird at the start. Like myself if that makes sense.","Squat (Barbell)",,"",0,"normal",30,15,,,
"Legs and arms","26 Jan 2024, 16:59","26 Jan 2024, 18:34","Really good. Felt weird at the start. Like myself if that makes sense.","Squat (Barbell)",,"",1,"normal",30,15,,,
"Legs and arms","26 Jan 2024, 16:59","26 Jan 2024, 18:34","Really good. Felt weird at the start. Like myself if that makes sense.","Walking Lunge",,"",0,"normal",,10,,,
"Legs and arms","26 Jan 2024, 16:59","26 Jan 2024, 18:34","Really good. Felt weird at the start. Like myself if that makes sense.","Walking Lunge",,"",1,"normal",,10,,,
"Thoms back and ham day","25 Jan 2024, 07:53","25 Jan 2024, 09:05","","Seated Calf Raise",,"",0,"normal",90,10,,,
"Thoms back and ham day","25 Jan 2024, 07:53","25 Jan 2024, 09:05","","Seated Calf Raise",,"",2,"normal",,14,,,
"Thoms back and ham day","25 Jan 2024, 07:53","25 Jan 2024, 09:05","","Dumbbell Row",,"How doni get the timer to go.",0,"normal",45,8,,,
"Thoms back and ham day","25 Jan 2024, 07:53","25 Jan 2024, 09:05","","Dumbbell Row",,"How doni get the timer to go.",1,"normal",45,8,,,
"Thoms back and ham day","25 Jan 2024, 07:53","25 Jan 2024, 09:05","","Dumbbell Row",,"How doni get the timer to go.",2,"normal",80,8,,,
"Thoms back and ham day","25 Jan 2024, 07:53","25 Jan 2024, 09:05","","Dumbbell Row",,"How doni get the timer to go.",3,"normal",80,8,,,
"Thoms back and ham day","25 Jan 2024, 07:53","25 Jan 2024, 09:05","","Dumbbell Row",,"How doni get the timer to go.",4,"normal",80,12,,,
"Thoms back and ham day","25 Jan 2024, 07:53","25 Jan 2024, 09:05","","Dumbbell Row",,"How doni get the timer to go.",5,"normal",,12,,,
"Thoms back and ham day","25 Jan 2024, 07:53","25 Jan 2024, 09:05","","Inverted Row",,"Shorter time intervals are a great way to modulaye intentity and colume. Remenber to focusbon negativve. \nAlso you can teally increase or decrease the intensity of these by changing your angle. I need to keep doing these.",0,"normal",,10,,,
"Thoms back and ham day","25 Jan 2024, 07:53","25 Jan 2024, 09:05","","Inverted Row",,"Shorter time intervals are a great way to modulaye intentity and colume. Remenber to focusbon negativve. \nAlso you can teally increase or decrease the intensity of these by changing your angle. I need to keep doing these.",1,"normal",,14,,,
"Thoms back and ham day","25 Jan 2024, 07:53","25 Jan 2024, 09:05","","Inverted Row",,"Shorter time intervals are a great way to modulaye intentity and colume. Remenber to focusbon negativve. \nAlso you can teally increase or decrease the intensity of these by changing your angle. I need to keep doing these.",2,"normal",,6,,,
"Thoms back and ham day","25 Jan 2024, 07:53","25 Jan 2024, 09:05","","Inverted Row",,"Shorter time intervals are a great way to modulaye intentity and colume. Remenber to focusbon negativve. \nAlso you can teally increase or decrease the intensity of these by changing your angle. I need to keep doing these.",3,"normal",,6,,,
"Thoms back and ham day","25 Jan 2024, 07:53","25 Jan 2024, 09:05","","Chin Up (Assisted)",,"Gave my ego the day off and went light and slow on these. Actually cramped my right lat!!!!  Short rest good form tike under tension for the win",0,"normal",120,10,,,
"Thoms back and ham day","25 Jan 2024, 07:53","25 Jan 2024, 09:05","","Chin Up (Assisted)",,"Gave my ego the day off and went light and slow on these. Actually cramped my right lat!!!!  Short rest good form tike under tension for the win",1,"normal",120,8,,,
"Thoms back and ham day","25 Jan 2024, 07:53","25 Jan 2024, 09:05","","Lat Pulldown (Cable)",,"",0,"normal",100,8,,,
"Thoms back and ham day","25 Jan 2024, 07:53","25 Jan 2024, 09:05","","Lat Pulldown (Cable)",,"",1,"normal",125,8,,,
"Thoms back and ham day","25 Jan 2024, 07:53","25 Jan 2024, 09:05","","Straight Leg Deadlift",,"",0,"normal",80,8,,,
"Thoms back and ham day","25 Jan 2024, 07:53","25 Jan 2024, 09:05","","Straight Leg Deadlift",,"",1,"normal",55,8,,,
"Thoms back and ham day","25 Jan 2024, 07:53","25 Jan 2024, 09:05","","Straight Leg Deadlift",,"",2,"normal",80,12,,,
"Thoms back and ham day","25 Jan 2024, 07:53","25 Jan 2024, 09:05","","Single Arm Lat Pulldown",,"",0,"normal",45,10,,,
"Evening workout 🏋️","23 Jan 2024, 15:21","23 Jan 2024, 17:50","","Chest Dip",,"Pr. Previous pr was 10 last week.  Did some knee raises on the third set.",0,"normal",,14,,,
"Evening workout 🏋️","23 Jan 2024, 15:21","23 Jan 2024, 17:50","","Chest Dip",,"Pr. Previous pr was 10 last week.  Did some knee raises on the third set.",1,"normal",,12,,,
"Evening workout 🏋️","23 Jan 2024, 15:21","23 Jan 2024, 17:50","","Chest Dip",,"Pr. Previous pr was 10 last week.  Did some knee raises on the third set.",2,"normal",,8,,,
"Evening workout 🏋️","23 Jan 2024, 15:21","23 Jan 2024, 17:50","","Chest Dip",,"Pr. Previous pr was 10 last week.  Did some knee raises on the third set.",3,"normal",,8,,,
"Evening workout 🏋️","23 Jan 2024, 15:21","23 Jan 2024, 17:50","","Push Up",,"Feet on a bench. Also had a couple pretty great poops during this workout. Trx push ups",0,"normal",,10,,,
"Evening workout 🏋️","23 Jan 2024, 15:21","23 Jan 2024, 17:50","","Single Arm Landmine Press (Barbell)",,"I actually did one arm smith machine bench.",0,"normal",20,12,,,
"Evening workout 🏋️","23 Jan 2024, 15:21","23 Jan 2024, 17:50","","Incline Bench Press (Smith Machine)",,"",0,"normal",135,10,,,
"Evening workout 🏋️","23 Jan 2024, 15:21","23 Jan 2024, 17:50","","Incline Bench Press (Smith Machine)",,"",1,"normal",135,10,,,
"Evening workout 🏋️","23 Jan 2024, 15:21","23 Jan 2024, 17:50","","Overhead Press (Smith Machine)",,"",0,"normal",155,10,,,
"Evening workout 🏋️","23 Jan 2024, 15:21","23 Jan 2024, 17:50","","Overhead Press (Smith Machine)",,"",1,"normal",135,10,,,